Gender,Customer Type,Age,Type of Travel,Class,Flight Distance,Inflight wifi service,Departure/Arrival time convenient,Ease of Online booking,Gate location,Food and drink,Online boarding,Seat comfort,Inflight entertainment,On-board service,Leg room service,Baggage handling,Checkin service,Inflight service,Cleanliness,Departure Delay in Minutes,Arrival Delay in Minutes
0,1,26,0,1,895,1,2,2,3,2,2,4,2,2,5,5,2,5,2,0,0.0
0,0,37,0,1,977,3,4,4,4,3,3,3,3,2,2,3,3,3,3,0,0.0
0,0,38,0,0,2318,1,0,0,3,5,3,3,2,2,0,1,4,2,3,0,0.0
1,0,42,0,0,3381,2,3,2,2,5,4,4,5,5,5,5,5,5,5,0,0.0
0,1,26,0,0,569,0,0,0,3,3,0,1,3,4,2,4,5,4,3,96,91.0
1,0,50,1,1,1481,2,5,2,4,3,2,3,3,3,3,2,2,4,3,2,0.0
0,0,28,0,0,1626,1,4,1,1,4,4,4,4,2,4,1,4,1,4,0,0.0
0,0,46,0,0,888,3,3,3,3,5,4,4,4,4,4,4,3,4,4,0,0.0
1,0,43,0,0,980,5,5,5,5,2,4,4,5,5,5,5,3,5,3,4,0.0
0,1,62,0,0,449,4,4,4,1,2,4,2,2,3,5,5,4,5,2,2,1.0
1,0,24,0,1,326,0,3,0,4,3,0,3,3,5,2,3,3,4,3,1,0.0
0,0,30,0,0,2450,3,3,3,3,2,2,2,2,3,3,3,2,3,2,2,0.0
1,0,16,1,1,1014,2,4,2,4,1,2,1,1,3,5,4,5,5,1,91,120.0
1,0,40,0,0,429,3,1,2,1,5,4,3,3,3,3,3,4,3,2,25,25.0
1,0,30,0,2,205,3,2,2,2,3,3,3,3,2,5,1,1,2,3,64,49.0
0,0,44,0,0,201,1,1,1,1,4,4,5,5,5,5,4,5,5,5,0,0.0
1,0,45,0,1,550,4,2,4,4,4,4,4,4,4,4,3,5,5,4,0,0.0
1,0,27,0,0,2076,3,3,3,3,4,4,4,4,3,4,4,4,5,4,0,1.0
0,0,57,0,0,153,3,4,4,4,5,3,4,2,2,2,3,4,2,2,0,0.0
1,0,58,1,1,866,4,5,4,1,5,4,5,5,5,3,5,4,4,5,0,0.0
1,0,30,0,0,2253,5,5,5,5,5,5,5,5,1,3,3,4,1,5,40,42.0
0,0,23,1,2,1372,3,5,3,1,1,3,1,1,3,2,3,4,5,1,0,0.0
0,1,26,0,1,1068,2,2,2,3,3,2,3,3,1,1,3,1,4,3,0,0.0
0,0,48,0,0,304,2,2,4,2,4,5,4,5,5,5,5,4,5,3,33,27.0
0,0,59,0,0,1773,4,4,2,4,2,4,5,5,5,5,5,3,5,5,64,49.0
0,1,24,0,0,1130,4,0,4,1,4,4,4,4,4,5,5,3,5,4,26,15.0
1,1,25,0,1,320,2,5,2,4,2,2,2,2,4,4,5,5,3,2,0,0.0
0,0,14,1,1,391,1,1,1,3,3,1,3,3,4,2,4,4,4,3,0,0.0
1,1,21,0,1,594,1,5,1,2,3,1,3,3,4,4,4,4,4,3,0,0.0
1,0,50,0,0,3550,5,5,5,5,2,5,4,4,4,4,4,5,4,5,0,0.0
0,0,8,1,2,647,3,2,3,3,2,3,5,2,2,4,3,3,2,2,0,0.0
0,1,18,0,1,143,2,3,2,4,1,2,1,1,4,4,5,1,5,1,0,5.0
0,0,49,0,0,3235,4,4,4,4,5,4,4,3,3,4,3,4,3,3,0,0.0
1,0,51,0,0,1644,2,2,2,2,4,5,5,5,5,5,5,4,5,5,9,0.0
0,0,62,1,1,1428,4,3,4,2,1,4,3,2,2,4,2,1,2,2,0,0.0
0,0,59,0,0,1568,3,4,2,2,5,3,4,3,3,3,3,4,3,2,0,2.0
1,0,51,0,0,2131,4,4,4,4,5,5,3,5,5,5,5,3,5,3,0,0.0
1,0,17,1,0,160,1,5,1,4,1,1,2,1,3,4,4,3,4,1,0,0.0
1,0,32,0,0,3607,1,1,1,1,5,5,5,5,4,2,5,1,5,5,0,0.0
0,0,68,0,1,900,5,1,1,1,2,4,2,5,5,5,5,5,5,4,0,0.0
0,1,20,0,1,859,3,4,4,3,4,4,4,4,3,1,3,2,3,4,3,24.0
1,0,31,0,1,361,1,5,5,5,1,1,1,1,2,5,3,4,4,1,0,0.0
1,0,37,0,1,258,2,1,1,1,2,2,2,2,1,5,2,5,4,2,0,0.0
1,1,22,0,1,480,3,0,3,2,3,3,3,3,1,3,4,1,5,3,17,4.0
1,0,60,0,1,563,3,4,4,4,3,3,3,3,4,3,4,4,3,3,15,5.0
0,0,64,1,2,213,2,0,2,1,5,5,5,5,5,2,5,5,5,5,0,6.0
0,1,54,0,1,1209,2,2,2,3,4,2,4,4,4,4,3,3,3,4,0,2.0
1,0,24,1,1,1947,5,5,5,1,1,5,1,1,5,4,4,3,5,1,9,2.0
1,0,20,1,1,992,3,4,3,3,3,3,3,3,4,5,4,4,4,3,0,7.0
0,0,51,0,0,2486,4,4,5,4,4,4,5,4,4,4,4,4,4,5,0,0.0
1,0,12,1,1,978,4,5,4,5,1,4,1,1,3,4,4,5,4,1,0,0.0
1,0,46,1,2,391,2,3,1,2,4,1,4,4,4,5,2,3,3,4,0,0.0
0,0,26,0,0,1142,2,2,2,2,5,5,5,5,4,3,4,4,4,5,0,0.0
1,0,13,1,1,1452,2,4,2,3,5,2,5,5,2,5,5,5,2,5,2,0.0
1,0,58,1,1,361,1,4,1,4,2,1,2,2,3,3,5,5,4,2,0,3.0
1,1,26,0,0,386,1,0,1,4,3,1,3,3,3,2,5,4,5,3,1,10.0
1,0,27,1,1,429,4,5,4,3,3,4,1,3,5,3,4,4,4,3,0,0.0
1,0,59,0,0,184,4,4,4,4,5,5,5,3,3,4,4,3,3,4,0,0.0
0,0,19,0,0,2158,4,1,3,1,4,4,4,4,4,3,4,4,3,4,35,27.0
1,0,40,0,0,3764,1,1,1,1,4,5,4,4,4,5,4,4,4,3,16,3.0
0,0,40,0,1,819,4,2,3,3,4,4,4,4,1,2,3,1,3,4,23,6.0
1,0,35,0,1,326,4,2,2,2,4,4,4,4,2,5,5,5,3,4,0,0.0
1,1,15,0,0,1039,0,0,0,3,5,0,5,5,4,5,4,4,4,5,4,0.0
1,1,34,0,1,936,1,1,1,2,1,1,1,1,1,4,4,5,1,1,0,0.0
0,0,10,0,1,632,3,4,4,4,3,3,2,3,3,2,4,4,4,3,44,40.0
0,0,55,1,1,349,2,3,2,3,2,3,5,2,2,2,2,5,2,3,0,0.0
0,0,40,1,1,1325,4,4,4,3,1,4,1,1,4,2,4,5,5,1,0,9.0
0,0,52,0,0,3895,4,4,4,4,4,4,4,4,4,4,4,4,4,3,24,5.0
1,0,65,1,0,226,1,4,1,1,5,5,4,4,4,1,4,5,4,3,37,20.0
1,0,11,1,1,301,2,2,2,4,1,2,1,1,1,3,3,4,3,1,2,0.0
1,0,54,0,1,515,3,2,2,2,3,3,3,3,4,3,3,2,3,3,44,33.0
1,0,26,1,1,472,3,5,3,4,3,3,3,3,4,1,3,5,3,3,18,18.0
1,0,27,0,0,3657,3,3,4,3,5,5,5,5,4,3,4,4,5,5,31,33.0
0,1,26,0,0,251,1,5,1,4,5,1,3,5,3,2,4,5,5,5,5,4.0
0,1,27,0,0,1521,1,2,2,2,4,2,4,4,4,2,5,4,5,4,1,0.0
1,0,38,0,0,2930,2,5,5,5,2,4,4,2,2,2,2,4,2,3,7,23.0
1,0,40,0,0,1723,3,3,3,3,5,4,4,5,5,5,5,3,5,3,2,0.0
0,0,39,0,0,2442,5,4,5,5,2,4,4,4,4,4,4,4,4,4,80,86.0
0,0,15,1,1,89,3,5,3,4,5,3,1,5,5,5,4,3,5,5,0,0.0
1,0,40,0,0,689,3,3,3,3,4,4,4,5,5,5,5,5,5,4,11,0.0
1,0,49,0,0,258,4,4,2,4,4,5,4,4,4,4,4,4,4,4,0,0.0
1,0,39,0,0,550,2,2,2,2,3,4,4,5,5,5,5,4,5,4,0,0.0
0,0,19,1,1,405,2,2,2,4,1,2,1,1,3,2,4,4,3,1,0,0.0
0,1,38,0,0,1189,1,1,1,3,3,1,3,3,5,5,5,3,5,3,3,0.0
0,0,64,1,1,453,2,5,2,5,5,4,4,2,2,2,2,4,2,4,0,3.0
0,0,56,1,1,1670,2,3,2,3,3,3,4,4,4,2,4,1,4,2,1,0.0
0,0,39,0,0,2088,2,2,2,2,5,5,5,4,4,4,4,5,4,5,10,0.0
0,1,40,0,0,156,1,1,1,5,4,1,2,4,2,4,5,5,2,4,0,0.0
0,0,67,1,1,143,3,1,3,4,2,3,3,2,2,3,2,3,2,2,64,109.0
1,0,70,1,1,1892,1,4,1,3,1,1,1,1,4,4,4,4,3,1,0,0.0
0,0,46,0,0,967,3,3,3,3,5,5,4,4,4,4,4,4,4,3,3,16.0
0,0,18,1,1,134,2,2,2,3,3,2,4,3,2,4,3,4,3,3,0,0.0
1,0,52,0,2,678,2,2,2,2,2,2,2,2,1,1,3,1,3,2,0,20.0
1,1,25,0,1,2585,3,3,3,4,3,3,3,3,2,5,4,3,4,3,0,0.0
0,0,50,0,0,2583,4,4,4,4,5,4,4,5,2,3,4,4,3,4,6,0.0
1,1,23,0,1,862,3,4,4,3,4,4,4,4,1,5,3,3,3,4,1,33.0
1,0,28,0,0,2597,1,1,1,1,5,5,5,5,4,5,4,3,5,5,6,1.0
1,0,52,0,0,3245,4,4,4,4,2,3,3,5,5,5,5,4,5,3,93,77.0
0,0,31,0,0,937,4,4,4,4,5,5,5,5,1,5,4,2,4,5,29,31.0
1,0,38,1,2,834,4,4,3,3,4,3,4,4,5,1,3,2,1,4,92,100.0
1,0,41,1,1,1171,0,4,0,1,2,0,2,2,4,2,3,5,4,2,24,27.0
0,0,45,0,1,175,3,1,1,1,1,1,5,3,3,3,3,3,3,1,0,0.0
0,0,34,1,1,280,2,5,2,3,3,2,3,3,4,2,5,5,4,3,0,0.0
1,0,40,0,1,550,2,1,1,1,2,2,2,2,3,1,4,4,3,2,4,6.0
1,0,16,1,1,1020,4,4,4,3,2,4,2,2,3,3,3,4,4,2,0,0.0
1,1,31,0,0,1075,4,4,4,3,1,4,1,1,2,3,3,5,2,1,3,4.0
1,0,51,0,0,920,2,2,2,2,3,5,4,4,4,4,4,4,4,3,0,1.0
0,0,47,1,1,1023,2,3,3,3,5,3,3,4,4,3,1,3,4,4,0,0.0
1,0,44,0,0,222,1,2,3,2,3,2,2,5,5,4,1,1,5,3,0,9.0
1,0,40,0,0,2874,2,2,2,2,5,1,5,4,4,4,4,3,4,2,0,11.0
0,0,39,0,0,1487,3,3,3,3,4,4,5,4,4,4,4,4,4,3,7,0.0
1,1,39,0,0,140,4,4,4,3,4,4,2,4,3,4,4,4,4,4,0,7.0
1,0,16,1,1,306,2,4,2,1,5,2,5,5,3,2,5,5,4,5,76,73.0
1,0,61,0,0,2458,3,4,4,4,4,2,3,3,3,3,3,4,3,1,5,1.0
1,0,66,0,0,3829,3,5,5,5,3,3,3,3,3,3,3,1,3,3,42,41.0
1,0,34,0,1,160,4,3,3,3,4,4,4,4,1,3,4,3,2,4,0,7.0
1,0,23,0,0,1448,1,1,1,1,3,4,3,3,3,2,5,4,5,3,0,0.0
0,0,60,0,0,1508,3,1,1,1,2,2,2,3,3,3,3,2,3,2,15,15.0
0,0,56,0,0,1682,5,5,5,5,4,4,5,5,5,5,5,5,5,4,0,3.0
0,0,25,0,0,2582,4,4,4,4,4,4,4,4,4,3,1,1,2,4,0,0.0
0,0,44,0,2,160,5,1,1,1,5,4,5,5,5,5,5,5,5,3,0,0.0
0,0,42,0,0,199,1,1,1,1,5,4,5,5,5,5,4,5,5,5,0,0.0
0,0,54,0,0,3598,2,2,4,2,4,4,5,4,4,4,4,4,4,3,0,0.0
0,0,43,0,2,223,2,1,1,1,4,1,1,2,2,2,2,3,2,1,28,20.0
0,0,59,1,1,145,1,3,1,4,5,4,3,5,5,1,5,1,5,2,0,0.0
0,0,42,0,0,1971,4,4,4,4,4,4,5,5,5,5,4,3,5,5,0,5.0
1,1,26,0,0,285,1,2,1,2,3,1,3,3,4,2,3,1,2,3,0,3.0
1,0,8,1,1,552,4,3,4,1,3,4,3,3,3,2,2,3,5,3,0,11.0
1,0,30,1,1,163,3,5,3,5,5,3,5,5,2,1,2,5,2,5,0,2.0
0,0,50,0,0,3710,4,4,4,4,3,4,3,4,4,4,4,1,4,4,0,0.0
0,0,80,0,1,1064,4,3,4,4,4,5,2,4,4,4,4,4,4,5,0,0.0
0,0,19,1,1,868,5,2,5,3,5,1,1,3,4,3,4,1,2,1,165,146.0
1,1,13,0,1,486,2,1,2,3,4,2,1,4,2,1,4,1,3,4,1,0.0
1,0,55,0,0,502,1,1,1,1,5,5,4,5,5,5,5,4,5,4,0,6.0
1,0,47,0,0,393,3,3,3,3,4,4,4,4,4,4,4,4,4,3,0,0.0
0,0,50,0,1,1986,2,3,3,3,3,2,4,2,2,2,2,3,2,4,7,16.0
0,0,58,0,0,3529,5,5,4,5,4,5,4,4,4,4,4,4,4,5,9,2.0
0,0,49,1,2,332,3,5,3,2,5,4,5,4,4,3,4,3,4,4,0,0.0
1,0,44,0,0,3165,2,2,2,2,4,5,5,4,4,4,4,5,4,3,0,0.0
0,0,26,1,2,1009,3,4,3,5,5,3,5,5,5,1,1,3,5,5,0,9.0
0,0,13,1,0,337,2,3,2,3,1,2,1,1,4,5,2,5,5,1,0,18.0
0,0,44,0,0,337,0,0,0,2,3,4,4,5,5,5,5,4,5,3,0,0.0
1,1,25,0,1,569,3,2,3,2,3,3,3,3,4,1,3,4,3,3,0,0.0
1,0,24,0,0,1893,2,2,2,2,5,5,5,5,5,1,4,3,4,5,0,0.0
1,0,42,1,1,304,2,3,2,3,2,2,2,2,3,5,3,4,3,2,8,7.0
0,0,46,0,2,448,2,3,3,3,2,5,4,1,1,2,1,5,1,5,0,0.0
0,1,29,0,2,868,2,2,2,4,3,2,3,3,3,4,3,2,3,3,0,0.0
1,0,55,0,1,663,2,4,5,5,2,2,2,2,2,3,3,4,3,2,19,7.0
0,1,25,0,1,604,3,5,3,3,1,3,1,1,1,5,5,5,2,1,0,0.0
0,0,26,1,1,679,2,5,2,1,3,2,3,3,3,5,5,5,5,3,82,70.0
0,0,50,0,0,2335,5,5,5,5,4,5,5,4,4,5,4,5,4,3,0,0.0
0,0,38,0,0,2882,3,3,3,3,2,1,4,5,5,5,5,2,5,4,0,0.0
1,0,67,1,1,157,4,1,4,3,5,4,5,5,4,5,3,4,3,5,45,33.0
0,0,17,1,1,473,4,5,4,3,4,4,4,4,3,5,5,4,3,4,0,0.0
1,0,19,0,0,2388,5,5,5,5,4,5,4,4,5,5,1,5,4,4,0,0.0
1,0,46,1,1,687,4,4,4,4,2,4,2,2,3,3,5,5,5,2,22,12.0
0,0,40,0,0,468,3,3,3,3,5,4,5,4,4,4,4,5,4,5,0,3.0
0,0,15,1,0,417,4,5,4,4,1,4,1,1,4,3,3,2,4,1,8,7.0
0,0,34,1,1,265,4,3,4,3,5,4,5,5,2,5,2,1,4,5,0,23.0
1,0,37,1,1,606,4,4,4,4,3,4,3,3,1,3,4,1,4,3,0,0.0
0,0,29,1,2,802,2,3,2,4,2,2,2,2,3,2,4,4,3,2,0,0.0
1,0,35,0,1,1044,2,1,1,1,2,2,2,2,4,2,4,4,4,2,4,13.0
0,0,64,1,1,277,2,2,2,2,5,3,3,1,1,2,1,3,1,1,8,1.0
1,0,42,0,2,685,4,2,2,2,4,4,4,4,1,4,1,2,5,4,0,0.0
1,0,43,0,0,1506,3,2,3,3,5,5,5,4,2,5,4,5,5,5,173,175.0
0,1,80,0,0,206,1,0,0,4,2,3,4,1,1,1,1,3,1,2,8,9.0
1,0,57,0,0,700,3,3,3,3,3,2,2,3,3,3,3,3,3,3,0,0.0
1,0,50,0,0,189,0,5,0,1,5,5,4,3,3,3,3,4,3,5,56,61.0
0,0,16,1,1,447,3,5,3,2,3,3,3,3,4,2,5,4,4,3,19,15.0
1,1,39,0,0,895,2,2,2,4,5,2,5,5,5,4,4,5,5,5,0,2.0
1,0,62,1,1,192,2,2,2,4,1,2,1,1,2,2,3,3,3,1,0,0.0
1,0,54,0,1,366,3,4,4,4,3,3,3,3,1,2,4,3,4,3,0,0.0
1,0,11,1,1,605,1,4,1,2,2,1,2,2,4,2,5,5,5,2,24,22.0
1,1,39,0,0,309,2,2,2,1,1,2,1,1,3,3,4,5,5,1,0,0.0
1,0,51,0,0,406,5,5,5,5,5,4,5,4,4,4,4,4,4,4,9,4.0
0,0,33,0,0,3972,5,5,5,5,5,3,2,5,5,5,4,5,5,3,0,5.0
1,0,26,1,2,2556,3,2,3,3,3,4,4,4,1,2,4,4,4,4,0,33.0
0,0,59,1,1,868,4,4,4,2,4,5,5,1,1,4,1,2,1,3,7,0.0
1,0,45,0,0,2139,3,3,3,3,3,3,4,5,5,5,5,3,5,3,0,0.0
0,0,37,1,1,888,3,2,4,3,3,4,3,3,4,4,3,3,3,3,0,0.0
1,0,40,0,0,507,3,5,3,3,4,4,4,4,4,4,4,4,4,3,26,16.0
1,0,46,0,1,152,3,4,4,4,3,3,3,3,2,5,3,2,2,3,3,0.0
1,1,26,0,1,113,3,1,3,2,3,3,3,3,3,4,2,4,2,3,0,22.0
1,0,42,0,0,3665,5,5,5,5,5,5,4,4,4,4,4,4,4,3,83,92.0
0,0,48,1,1,337,4,4,4,4,2,5,5,5,5,4,5,5,5,4,4,0.0
1,0,25,1,1,550,2,2,2,3,1,2,1,1,4,2,4,4,5,1,56,63.0
0,0,59,0,1,1706,2,3,3,3,3,4,4,2,2,2,2,1,2,4,0,0.0
1,0,11,1,1,1105,4,3,3,3,2,3,2,2,2,3,4,3,4,2,13,18.0
0,0,30,0,0,2438,0,1,1,1,2,2,2,2,5,3,5,3,4,2,38,28.0
0,0,55,1,1,1608,2,2,2,4,2,3,4,5,5,2,5,3,5,2,0,0.0
1,0,52,1,1,853,2,5,2,3,5,2,5,5,5,2,5,3,4,5,86,85.0
1,0,69,0,0,173,1,3,3,3,1,2,2,3,3,3,1,4,3,1,0,0.0
0,0,28,0,0,2298,4,2,2,2,4,4,4,4,1,1,3,2,4,4,7,18.0
0,0,21,1,1,368,3,3,3,3,3,3,3,3,2,4,1,2,3,3,16,10.0
0,1,27,0,0,1028,3,3,3,3,3,1,4,1,2,3,4,4,1,4,170,164.0
0,0,55,0,0,3634,0,4,0,4,4,5,5,4,4,1,1,4,4,3,0,0.0
1,0,25,0,1,1541,0,5,0,2,2,5,2,2,5,1,1,3,2,2,28,22.0
0,1,44,0,0,1744,4,4,4,2,4,4,4,4,5,2,4,3,5,4,0,0.0
0,1,25,0,0,978,5,5,5,1,4,5,4,4,4,5,5,4,4,4,0,0.0
0,0,33,0,2,874,2,1,1,1,2,2,2,2,2,1,3,3,4,2,0,9.0
0,0,44,0,0,1788,3,3,3,3,3,3,4,5,5,5,5,5,5,5,0,0.0
0,0,55,0,0,1440,2,2,2,2,5,4,5,5,5,5,5,5,5,3,0,0.0
0,0,53,0,0,1744,3,3,3,3,4,3,5,2,2,2,2,4,2,4,0,4.0
1,0,41,1,1,967,3,4,3,3,4,3,4,4,4,2,3,1,3,4,12,8.0
1,1,25,0,0,678,3,4,3,3,1,3,1,1,3,4,5,4,5,1,2,0.0
1,0,62,1,1,950,0,0,0,4,5,0,5,5,1,3,2,2,4,5,0,0.0
0,0,62,1,1,632,4,4,4,2,2,4,5,2,2,4,2,3,2,4,0,0.0
0,0,20,1,1,1384,1,3,1,2,2,1,2,2,5,2,1,1,1,2,0,0.0
1,0,8,1,2,1201,2,5,2,3,3,2,3,3,4,2,1,5,5,3,24,14.0
1,0,25,0,0,1709,5,5,5,5,3,4,3,3,5,3,2,3,5,3,0,0.0
0,0,15,1,0,1189,1,5,2,1,3,2,2,3,4,5,5,5,4,3,7,0.0
0,1,20,0,1,1394,2,1,1,4,2,4,4,3,5,2,4,4,2,4,0,3.0
1,0,19,0,0,528,4,5,5,5,4,4,4,4,3,4,4,2,3,4,0,0.0
0,0,62,1,1,834,2,5,2,4,3,5,4,3,3,2,3,4,3,5,0,0.0
0,1,25,0,1,116,2,1,2,3,2,4,4,1,3,4,3,4,2,4,140,133.0
0,0,43,0,0,3936,3,3,3,3,5,5,4,4,4,4,4,3,4,4,16,17.0
0,1,34,0,1,833,2,2,2,4,2,2,2,2,3,1,3,2,3,2,46,41.0
0,0,60,1,2,214,2,5,2,1,4,5,4,3,3,2,3,3,3,4,0,0.0
0,0,26,1,1,908,3,4,3,4,2,3,2,2,2,3,5,1,1,2,0,0.0
0,0,49,0,0,3465,1,1,1,1,1,4,3,1,1,1,1,3,1,4,0,0.0
1,0,29,0,0,1597,4,4,4,4,3,4,3,3,5,2,5,5,4,3,39,27.0
0,1,27,0,1,1076,1,1,1,2,2,1,2,2,3,3,3,3,3,2,44,44.0
1,0,49,0,0,569,2,2,2,2,2,5,4,4,4,4,4,3,4,4,0,0.0
1,0,26,0,0,2836,5,5,5,5,5,5,5,5,3,4,4,3,5,5,0,0.0
1,0,39,1,1,236,1,3,1,4,4,1,4,4,4,4,4,3,5,4,1,0.0
0,0,27,1,1,399,3,4,3,3,1,3,1,1,3,4,5,4,5,1,0,80.0
1,0,54,0,0,1953,1,1,1,1,4,4,4,4,2,5,4,4,5,4,235,222.0
0,0,35,1,1,954,4,0,4,3,2,4,2,2,5,3,4,2,1,2,23,32.0
1,0,69,0,0,3714,4,1,1,1,1,2,2,4,4,4,4,3,4,1,0,0.0
1,0,63,0,2,236,5,2,2,2,5,5,5,5,2,1,4,5,1,5,0,0.0
0,0,42,0,1,718,5,1,4,1,3,3,3,5,5,5,5,3,5,1,0,0.0
1,0,53,0,0,3825,3,3,3,3,5,4,4,3,3,4,3,3,3,3,0,0.0
1,0,9,1,1,936,5,5,4,2,4,4,4,4,5,4,5,5,5,4,22,22.0
0,0,34,0,0,1979,1,1,1,1,5,5,4,3,3,3,3,4,3,3,72,47.0
0,0,65,1,1,578,2,4,3,4,2,4,4,3,3,3,3,4,3,3,99,101.0
0,1,42,0,1,1874,3,3,3,3,3,3,3,3,5,3,3,2,3,3,0,5.0
1,0,49,0,0,1188,2,2,2,2,4,5,5,4,4,4,4,3,4,5,8,23.0
0,1,29,0,1,964,4,4,4,3,1,4,1,1,2,3,2,3,4,1,0,0.0
0,0,49,1,1,577,2,5,2,2,3,4,5,1,1,2,1,4,1,3,23,2.0
0,1,29,0,0,867,4,4,4,4,2,4,2,2,3,5,3,3,4,2,0,0.0
1,0,40,1,1,273,2,5,2,2,2,2,2,2,3,1,4,3,4,2,0,5.0
0,1,38,0,0,308,3,3,3,3,4,3,4,4,1,1,4,2,3,4,39,26.0
0,0,40,0,0,304,0,0,0,3,3,5,5,1,1,1,1,4,1,4,0,0.0
0,0,53,0,0,1963,3,3,3,3,4,4,5,5,5,5,5,5,5,4,1,0.0
1,0,35,0,0,3153,3,3,3,3,1,5,5,5,5,4,5,3,5,4,81,73.0
1,0,45,0,0,280,2,2,2,2,3,2,5,5,5,4,5,1,5,3,38,59.0
1,0,55,0,0,936,3,3,3,3,5,5,5,3,3,3,3,5,3,5,0,0.0
1,0,50,1,1,1635,1,5,1,3,4,1,4,4,3,5,5,3,4,4,0,4.0
1,0,43,0,0,3221,1,1,1,1,3,5,5,4,4,4,4,5,4,5,0,39.0
1,0,44,0,0,299,3,3,3,3,3,5,5,4,4,4,4,3,4,5,7,4.0
0,0,44,0,0,1671,4,4,4,4,4,3,4,4,4,4,4,4,4,5,25,18.0
0,0,9,1,1,687,2,5,2,3,5,2,5,5,4,5,4,4,5,5,0,0.0
1,0,63,1,1,471,3,4,3,1,3,3,5,3,5,4,4,5,4,3,126,123.0
1,0,53,1,1,1012,3,2,3,4,4,3,4,4,4,4,4,3,3,4,38,15.609914872308464
0,0,46,0,0,2611,4,4,4,4,4,4,4,4,4,5,5,4,4,4,0,0.0
0,1,24,0,1,372,4,4,4,3,3,4,5,3,5,4,4,4,4,3,21,23.0
0,0,51,0,1,337,1,5,5,5,2,4,3,1,1,1,1,2,1,2,90,87.0
0,1,40,0,0,325,1,1,1,1,3,1,3,3,2,2,1,4,1,3,11,5.0
0,0,46,0,0,2502,2,2,2,2,3,1,3,4,4,4,4,3,4,5,5,0.0
0,0,31,1,1,2279,1,5,1,2,3,1,3,3,5,3,5,3,5,3,0,0.0
0,1,25,0,1,817,4,4,4,3,3,4,3,3,2,3,2,3,3,3,0,0.0
0,0,49,0,1,612,5,1,1,1,3,2,1,5,5,5,5,3,5,2,0,7.0
0,1,12,0,1,1269,3,3,3,4,4,3,4,4,4,4,4,1,4,4,18,19.0
0,0,51,0,0,1488,2,3,3,3,4,3,4,2,2,2,2,4,2,2,73,62.0
1,0,23,1,1,1460,2,4,2,4,1,2,1,1,4,2,4,4,4,1,0,17.0
0,0,23,0,0,3306,4,4,4,4,5,5,5,5,4,1,5,3,2,5,0,0.0
1,0,47,0,0,406,2,2,2,2,3,5,5,4,4,4,4,5,4,4,44,50.0
0,0,41,0,0,1624,2,2,2,2,4,5,5,5,5,5,5,3,5,5,0,0.0
1,0,25,0,0,3465,2,4,4,4,2,2,2,2,4,5,3,4,3,2,0,0.0
1,0,47,1,1,1276,2,4,2,3,2,2,2,2,3,3,4,3,5,2,9,23.0
1,0,39,1,1,294,1,5,1,3,1,1,1,1,3,2,5,4,5,1,0,0.0
1,1,37,0,0,1562,3,3,3,3,4,3,5,4,3,4,5,3,5,4,0,0.0
0,0,15,1,1,2153,1,4,1,1,3,1,1,3,5,2,4,4,5,3,38,2.0
1,0,51,0,0,2248,1,1,1,1,3,4,5,5,5,5,5,5,5,5,1,8.0
1,0,30,0,0,2974,4,4,4,4,4,4,4,4,3,3,4,3,5,4,74,67.0
0,0,10,1,2,338,1,5,3,3,5,3,4,5,4,2,4,5,4,5,0,0.0
1,0,34,1,1,200,3,1,3,3,2,3,2,2,2,2,2,1,3,2,0,0.0
0,1,37,0,0,372,5,5,5,4,4,5,4,4,4,4,5,3,4,4,11,0.0
1,0,23,1,1,130,1,4,1,3,5,1,3,5,2,4,3,4,3,5,0,9.0
0,1,23,0,1,419,3,4,3,5,1,3,1,1,5,3,4,3,5,1,0,6.0
1,0,27,0,0,2837,2,2,3,2,5,4,5,5,2,1,1,1,5,5,0,0.0
0,0,26,1,1,2475,4,1,3,3,1,3,1,1,2,5,3,2,4,1,16,15.0
0,0,21,0,0,1062,3,3,3,3,4,5,4,4,3,2,4,4,4,4,17,32.0
1,0,55,0,0,234,3,3,3,3,4,4,5,4,4,4,4,4,4,3,0,5.0
0,0,51,1,1,297,3,4,3,1,3,4,5,3,3,3,3,3,3,3,0,0.0
0,0,40,0,0,2248,2,2,2,2,3,4,4,2,2,2,2,4,2,2,0,0.0
1,1,25,0,1,370,3,0,3,2,3,3,3,3,5,5,1,1,3,3,0,0.0
1,0,7,1,1,515,4,4,2,4,1,2,1,1,5,2,4,3,5,1,10,0.0
1,0,21,0,2,762,3,1,1,1,3,4,4,3,2,4,5,2,2,3,0,0.0
1,1,28,0,1,1220,4,4,4,3,3,4,3,3,4,5,3,3,2,3,20,9.0
1,0,58,0,0,1721,3,3,3,3,3,4,5,4,4,4,4,4,4,5,18,0.0
0,0,68,1,1,1288,2,5,2,3,4,3,5,4,4,2,4,4,4,5,6,24.0
1,0,55,0,1,459,3,4,4,4,3,3,3,3,4,1,2,4,2,3,50,69.0
1,0,58,0,1,828,4,2,2,2,4,4,4,4,1,5,3,4,3,4,101,124.0
1,0,29,1,1,546,0,2,0,4,5,0,5,5,3,2,4,4,4,5,0,0.0
1,0,34,0,0,247,0,0,0,3,4,5,5,3,3,1,1,4,3,5,0,0.0
1,1,8,0,0,1117,4,3,4,3,3,4,3,3,4,5,4,4,3,3,0,7.0
1,0,49,1,1,160,1,1,1,3,5,1,5,5,2,3,3,1,3,5,4,6.0
0,0,39,0,2,266,2,1,4,1,2,2,2,2,1,3,3,4,3,2,49,56.0
0,0,57,1,2,500,3,5,3,2,3,4,5,5,5,3,5,4,5,5,0,0.0
1,0,24,1,1,319,2,3,2,1,5,2,5,5,3,3,2,1,3,5,49,37.0
0,0,40,0,0,3608,3,3,3,3,2,1,1,5,5,5,5,4,5,1,0,0.0
1,0,63,1,1,391,3,4,3,5,5,3,4,5,3,4,5,3,5,5,0,4.0
1,0,16,1,1,861,2,5,2,3,2,2,2,2,3,4,5,4,5,2,0,0.0
0,0,60,1,1,861,2,2,2,3,1,3,4,4,4,2,4,4,4,4,10,10.0
0,0,49,0,0,2149,1,1,1,1,5,4,4,4,4,4,4,4,4,5,0,0.0
1,0,61,1,1,731,5,5,5,2,1,5,1,1,1,2,5,3,5,1,0,0.0
1,1,38,0,0,762,4,3,3,2,4,3,4,4,5,2,5,5,4,4,0,4.0
0,0,20,1,1,545,2,0,2,3,5,2,1,5,3,4,3,3,1,5,4,0.0
1,0,20,1,1,483,2,3,2,3,5,2,5,5,5,2,3,2,4,5,91,82.0
1,0,13,1,0,861,2,1,2,4,2,2,2,2,3,1,4,2,3,2,0,7.0
0,0,29,0,0,1853,3,3,3,3,3,5,3,3,2,1,3,3,5,3,0,0.0
0,0,50,0,0,1744,5,5,5,5,5,3,5,5,5,4,5,4,5,4,0,0.0
0,0,25,0,0,2748,4,4,4,4,3,3,3,3,3,2,4,5,4,3,0,0.0
1,1,22,0,0,395,5,3,5,3,5,5,5,5,5,2,4,4,4,5,8,0.0
1,0,34,0,0,2627,1,1,1,1,3,4,1,5,5,5,5,5,5,4,0,0.0
0,0,51,0,0,2318,1,1,1,1,5,5,5,4,4,4,4,5,4,3,0,0.0
0,0,45,0,0,2486,4,4,4,4,3,4,5,5,5,5,5,3,5,4,7,5.0
1,0,56,0,0,1173,3,3,5,3,4,4,4,3,3,3,3,3,3,1,0,0.0
1,1,26,0,0,432,1,5,1,1,2,1,2,2,4,4,4,4,4,2,0,31.0
0,0,22,0,0,1722,2,5,5,5,2,2,2,2,2,4,3,3,3,2,0,53.0
1,0,31,0,0,1363,1,1,1,1,4,4,4,4,3,3,5,5,4,4,29,15.0
1,0,46,0,0,2623,3,3,3,3,3,5,4,5,5,5,5,3,5,5,0,0.0
0,0,34,1,1,589,2,5,2,1,1,2,1,1,4,5,4,5,5,1,0,0.0
1,0,11,0,0,622,2,5,5,5,2,1,2,2,1,4,3,4,3,2,21,19.0
1,0,35,0,0,2392,2,3,5,3,5,3,3,2,2,2,2,4,2,3,0,0.0
0,1,15,0,1,1043,2,2,2,3,5,2,5,5,3,1,4,2,4,5,3,0.0
1,1,34,0,0,304,1,0,0,1,2,0,2,2,5,5,4,5,4,2,74,77.0
1,0,35,0,1,1005,4,1,2,2,4,4,4,4,3,2,4,4,5,4,0,0.0
0,0,26,0,0,4243,2,2,2,2,4,4,4,3,5,4,4,4,5,4,26,0.0
1,0,23,1,1,1749,2,1,1,4,3,1,3,3,1,1,4,2,3,3,97,89.0
0,0,59,0,1,1562,5,1,1,1,1,4,1,5,5,5,5,1,5,4,35,27.0
1,0,16,1,1,282,2,5,2,3,5,2,5,5,3,3,5,5,4,5,8,16.0
1,0,39,0,0,1979,3,3,3,3,3,5,4,4,4,4,4,3,4,3,0,0.0
1,0,39,0,0,998,3,4,3,3,5,5,5,4,2,4,4,5,3,5,137,150.0
1,1,19,0,1,501,3,3,3,4,3,3,3,3,4,5,4,4,4,3,0,0.0
0,1,15,0,1,1183,3,3,3,4,4,3,1,4,4,1,4,2,3,4,34,41.0
0,0,69,1,1,177,4,5,4,3,4,4,5,2,2,4,2,3,2,5,0,0.0
1,1,26,0,1,842,1,1,1,2,5,1,5,5,1,3,3,4,2,5,38,28.0
0,1,20,0,0,386,5,0,5,3,4,5,2,4,3,5,5,3,5,4,0,0.0
1,0,43,0,0,1849,2,2,2,2,2,4,4,3,3,4,3,3,3,4,0,7.0
1,0,42,1,1,224,3,4,0,2,2,0,2,2,3,5,4,5,4,2,0,0.0
0,0,37,1,1,255,3,1,3,4,3,3,3,3,1,4,4,1,3,3,0,0.0
0,1,21,0,0,861,4,0,4,4,1,4,1,1,3,4,4,4,5,1,0,0.0
1,0,54,0,0,612,3,3,3,3,5,2,3,5,5,5,5,4,5,3,8,0.0
0,0,52,1,1,247,4,4,0,2,5,4,4,5,5,0,5,3,5,3,0,0.0
0,0,31,1,1,760,4,2,4,4,1,4,1,1,3,4,4,4,4,1,17,27.0
1,0,32,1,1,1546,2,5,2,2,3,2,3,3,4,2,5,4,5,3,20,5.0
0,0,11,1,1,2378,2,5,2,5,1,2,4,1,5,4,5,5,3,1,0,0.0
0,1,15,0,1,448,2,4,2,4,2,2,2,2,2,1,5,5,5,2,1,0.0
1,0,41,1,1,944,3,5,3,5,1,3,1,1,4,5,3,1,1,1,85,80.0
0,0,27,1,1,2036,2,4,2,1,3,2,3,3,5,5,5,5,4,3,0,0.0
1,1,40,0,0,857,2,2,2,3,4,2,4,4,4,2,5,5,5,4,0,0.0
0,0,24,0,0,1476,4,4,4,4,5,5,5,5,2,3,4,4,5,5,0,8.0
0,0,30,0,2,361,1,4,4,4,1,1,1,1,4,2,3,2,3,1,1,0.0
0,0,52,0,0,2768,4,1,1,1,2,4,4,4,4,3,4,2,4,4,0,0.0
0,0,17,0,1,594,5,5,5,5,5,5,3,5,4,1,1,3,5,5,0,5.0
0,1,28,0,0,280,3,3,3,1,4,3,4,4,3,4,4,5,5,4,0,0.0
1,0,38,0,1,308,2,1,3,1,2,2,2,2,2,3,2,3,2,2,0,15.0
0,0,35,1,1,1197,4,4,4,4,2,4,2,2,4,2,4,5,5,2,0,0.0
1,0,32,0,0,1904,4,4,4,4,4,4,4,4,3,5,4,4,4,4,0,0.0
0,0,43,1,1,301,3,4,3,3,5,4,5,4,4,3,2,4,4,5,0,0.0
1,0,50,0,0,1877,2,4,4,4,5,4,4,2,2,2,2,1,2,4,0,0.0
0,0,38,0,1,224,5,5,5,5,5,5,5,5,5,4,5,3,4,5,4,9.0
0,0,45,1,1,287,2,4,2,2,5,4,4,2,2,2,2,5,2,5,0,0.0
0,0,39,0,0,1930,2,2,2,2,2,5,5,4,4,3,4,4,4,3,0,0.0
1,0,32,1,1,868,3,3,3,1,4,3,4,4,4,2,3,4,4,4,0,0.0
0,1,30,0,0,991,2,2,2,5,3,2,3,3,4,5,4,5,4,3,0,0.0
1,0,45,1,1,1294,3,5,3,5,2,3,2,2,3,3,4,3,4,2,11,4.0
0,0,59,0,0,2490,5,5,5,5,5,4,4,4,4,4,4,3,4,5,64,53.0
1,0,67,1,1,719,3,3,3,4,1,3,1,1,2,2,3,1,5,1,24,14.0
0,0,65,1,1,1055,3,5,3,5,3,4,4,1,1,3,1,3,1,4,0,0.0
0,0,18,0,0,354,3,3,5,3,5,5,5,5,3,3,4,4,4,5,15,18.0
1,0,35,1,1,507,3,3,3,4,3,3,3,3,4,5,3,3,3,3,0,0.0
0,0,52,0,0,2917,5,5,5,5,5,5,5,3,4,4,4,5,3,5,15,32.0
0,0,39,0,0,3081,5,5,5,5,2,5,4,2,2,2,2,3,2,4,7,0.0
1,0,52,0,0,2342,5,5,5,5,4,5,4,4,4,4,4,4,4,3,0,0.0
1,0,17,1,2,302,3,5,3,3,4,3,4,4,4,4,3,4,3,4,0,0.0
0,0,32,0,0,2999,2,2,2,2,4,4,4,4,3,4,5,3,4,4,28,11.0
0,0,36,0,0,257,3,3,3,3,4,4,3,4,4,4,4,1,4,1,0,0.0
0,0,29,1,1,612,2,4,2,2,4,2,4,4,1,3,5,3,5,4,0,5.0
0,0,54,0,0,2632,3,3,3,3,2,5,4,3,3,4,3,3,3,5,0,0.0
1,0,51,0,0,1084,5,5,5,5,3,5,4,4,4,4,4,5,4,4,0,0.0
0,1,21,0,0,185,0,5,0,5,3,0,3,3,5,4,4,4,5,3,0,0.0
0,0,69,1,1,1546,1,5,1,2,4,3,4,1,1,1,1,4,1,3,1,26.0
1,0,70,1,2,534,2,4,2,2,4,2,4,4,5,3,4,4,4,4,19,18.0
0,1,24,0,1,1042,3,3,3,4,1,3,1,1,3,5,3,2,4,1,0,0.0
0,1,56,0,0,179,4,4,4,4,4,4,4,4,3,4,4,3,5,4,0,0.0
1,0,43,1,0,2521,5,2,5,2,5,1,1,3,4,1,3,1,1,1,60,51.0
1,0,41,1,1,337,2,5,5,3,3,5,3,3,3,3,4,3,5,3,66,65.0
0,0,36,1,2,944,2,4,2,3,4,2,4,4,2,4,5,3,3,4,0,0.0
1,0,50,0,0,1437,4,4,4,4,2,5,5,4,4,4,4,4,4,5,0,21.0
0,0,25,1,1,594,3,3,3,3,4,3,1,4,4,1,2,1,2,4,0,9.0
1,0,19,1,1,192,2,4,0,4,1,0,1,1,3,3,4,5,5,1,0,0.0
1,0,60,0,0,2198,3,3,3,3,3,4,4,4,4,4,4,3,4,3,23,4.0
1,0,33,1,2,262,3,1,3,3,3,3,3,3,4,2,3,1,3,3,4,16.0
1,0,21,1,1,1947,2,4,2,3,1,2,1,1,4,2,3,5,4,1,0,0.0
1,0,25,0,0,1747,1,1,1,1,4,4,4,4,5,3,4,5,5,4,0,2.0
1,0,44,0,1,692,5,2,2,2,5,5,5,5,4,2,2,2,3,5,0,0.0
1,0,30,0,0,1821,1,1,1,1,2,2,1,2,1,2,2,4,2,2,5,7.0
0,0,42,0,1,510,2,1,1,1,1,3,4,2,2,2,2,4,2,4,112,100.0
1,0,22,1,1,933,3,5,3,4,3,3,3,3,3,4,5,5,5,3,0,0.0
0,0,15,1,1,551,3,4,3,3,4,3,4,4,1,1,4,2,1,4,3,0.0
1,0,51,0,0,308,2,2,2,2,4,5,5,4,4,4,4,3,4,5,17,8.0
1,0,46,0,0,3533,4,4,4,4,3,1,3,3,3,3,3,1,3,2,0,0.0
1,1,39,0,0,689,1,1,1,3,3,1,3,3,3,5,4,3,5,3,1,0.0
1,0,39,0,1,1056,5,3,3,3,5,5,5,5,3,2,4,5,2,5,20,9.0
0,1,27,0,0,1310,4,4,4,5,3,4,5,3,3,5,5,5,5,3,0,0.0
0,0,43,0,0,2825,1,1,1,1,3,4,5,5,5,5,5,5,5,3,16,10.0
0,0,11,1,0,1020,2,2,2,3,2,2,1,2,1,1,4,3,4,2,2,0.0
1,0,46,0,0,1224,1,1,1,1,3,4,4,4,4,4,4,4,4,3,0,0.0
0,0,40,0,0,2808,4,3,3,3,3,3,4,3,3,3,4,4,3,3,7,2.0
0,0,22,0,0,1440,2,2,2,2,4,4,4,4,4,4,4,4,5,4,26,37.0
0,0,58,1,1,2475,4,4,4,3,4,1,1,3,3,3,4,1,3,1,29,10.0
1,0,29,0,0,2145,2,5,5,5,2,2,2,2,1,3,3,4,3,2,0,0.0
0,1,29,0,0,368,2,3,3,4,2,3,2,2,4,2,5,5,4,2,0,2.0
1,0,43,0,0,2520,5,4,5,5,4,4,1,3,3,3,3,2,3,3,0,0.0
0,0,59,1,1,468,2,4,2,2,1,2,3,5,5,2,5,5,5,2,4,0.0
0,0,30,0,2,402,3,1,1,1,3,3,3,3,4,2,3,1,3,3,0,6.0
0,0,46,0,0,371,1,1,4,1,4,4,4,4,2,4,4,4,5,4,142,134.0
0,0,29,1,1,781,5,4,5,5,4,5,4,4,4,5,4,4,4,4,0,0.0
0,0,67,1,1,1033,3,5,3,4,2,4,5,2,2,3,5,3,2,5,37,22.0
1,0,67,1,1,2276,3,2,3,4,3,4,4,4,4,2,4,4,1,4,0,5.0
1,0,46,0,1,954,2,2,2,2,2,2,2,2,5,4,2,2,4,2,0,0.0
1,0,22,1,1,253,3,5,0,2,2,0,2,2,5,3,5,4,2,2,113,103.0
0,1,24,0,1,1182,4,5,5,4,2,5,2,2,3,3,5,3,5,2,0,0.0
1,0,23,1,1,1481,4,5,4,4,3,4,3,3,2,4,1,1,5,3,0,0.0
1,0,57,1,1,187,3,5,3,4,5,3,5,5,5,4,5,4,5,5,0,0.0
1,1,26,0,1,406,3,5,3,4,3,3,3,5,5,4,1,3,4,3,149,138.0
1,1,22,0,0,447,0,1,0,2,2,0,2,2,3,2,4,3,4,2,0,0.0
1,0,51,0,0,1651,4,4,4,4,3,5,4,5,5,5,5,5,5,5,0,0.0
0,0,46,1,1,2586,3,1,3,3,3,4,4,2,4,4,3,4,1,4,59,57.0
0,0,53,1,1,251,2,5,0,3,3,5,5,5,5,0,5,4,5,3,5,0.0
1,0,38,0,0,2027,3,3,3,3,5,1,1,4,4,4,4,2,4,1,124,111.0
1,0,26,0,0,3434,0,4,0,5,1,1,1,1,4,2,4,4,2,1,0,0.0
0,0,24,0,0,1013,3,3,3,3,3,3,3,3,1,1,2,2,2,3,25,13.0
1,0,8,0,1,1304,4,4,4,4,4,4,4,4,2,2,4,2,1,4,0,0.0
1,0,33,0,0,1819,3,2,2,2,3,3,3,3,3,4,2,1,1,3,0,0.0
0,0,13,1,1,387,2,1,2,3,1,2,1,1,4,1,3,1,4,1,16,12.0
0,0,43,0,0,1444,4,4,4,4,4,4,4,4,4,4,4,5,4,3,0,0.0
0,0,41,0,0,502,4,4,4,4,4,5,5,5,5,5,5,5,5,5,0,0.0
1,0,61,1,1,333,2,4,2,2,5,2,5,5,3,3,4,4,4,5,4,1.0
1,1,36,0,0,1126,1,1,1,4,1,1,1,1,5,5,5,3,5,1,13,5.0
1,1,36,0,1,292,1,0,1,4,1,1,1,1,1,5,4,1,3,1,5,1.0
1,0,29,1,1,1192,1,5,1,2,3,1,3,3,4,3,4,5,5,3,0,0.0
0,1,8,0,1,1107,4,4,4,3,5,4,5,5,3,3,4,3,5,5,18,5.0
0,0,38,0,0,3753,2,2,2,2,1,1,5,4,4,4,4,4,4,1,0,0.0
1,0,14,1,1,220,1,5,1,3,5,1,5,5,4,5,3,4,5,5,11,1.0
0,1,39,0,0,590,3,3,3,2,5,3,3,5,3,5,5,3,5,5,0,3.0
0,0,60,0,0,1071,2,2,2,2,4,5,1,3,3,4,3,5,3,1,0,0.0
0,0,69,1,1,419,1,4,1,3,1,1,4,4,2,3,4,4,4,4,150,147.0
0,1,24,0,2,391,3,5,3,2,3,3,3,3,5,2,5,2,5,3,0,0.0
0,0,50,0,0,3455,0,5,0,4,2,5,5,4,4,4,4,3,4,3,0,0.0
0,0,37,0,0,3969,1,3,3,3,5,3,3,4,4,4,1,3,4,3,27,61.0
0,0,42,0,0,1846,1,2,2,2,5,2,3,1,1,1,1,2,1,4,0,0.0
0,0,59,0,0,2400,2,2,2,2,5,5,5,4,5,4,5,5,5,5,0,0.0
0,0,66,0,0,280,2,3,3,3,4,4,4,2,2,2,2,4,2,2,0,0.0
0,0,65,1,1,745,3,5,4,4,1,2,5,3,3,4,1,4,3,5,0,0.0
1,0,45,1,1,173,2,5,0,1,2,0,5,2,5,5,4,4,4,2,0,0.0
0,0,49,1,1,1440,3,4,3,4,4,5,5,1,1,3,1,5,1,3,25,38.0
0,0,51,0,0,3993,1,1,1,1,4,5,4,4,4,4,4,3,4,4,8,0.0
0,0,30,1,1,1616,2,4,3,1,1,3,1,1,3,2,4,4,5,1,70,89.0
0,0,39,1,1,1773,4,5,4,5,5,4,5,5,2,2,3,3,1,5,14,18.0
1,1,27,0,0,1089,2,2,2,1,1,2,1,1,4,5,4,5,4,1,0,7.0
1,0,48,0,0,696,2,2,4,2,5,4,4,3,3,3,3,4,3,4,2,0.0
1,0,13,1,1,853,1,4,1,4,4,1,4,4,5,2,5,4,4,4,105,122.0
0,0,9,1,2,804,1,5,1,3,1,1,1,1,5,2,5,3,5,1,0,0.0
1,0,66,1,1,451,4,4,4,3,1,4,1,1,2,5,4,3,2,1,0,0.0
0,0,26,0,1,2378,4,5,5,5,4,5,5,4,3,2,5,4,5,4,4,0.0
1,0,65,0,0,479,2,2,5,2,3,5,4,5,5,5,5,5,5,3,11,13.0
0,0,39,0,0,1582,3,3,2,3,2,5,4,2,2,2,2,3,2,4,0,0.0
0,0,39,0,0,3873,4,4,4,4,2,4,4,4,4,4,4,4,4,3,0,0.0
1,1,25,0,0,1235,5,5,5,3,4,5,1,4,3,2,5,3,4,4,10,0.0
1,1,24,0,1,761,3,3,3,5,1,3,1,1,4,3,4,3,4,1,7,12.0
1,1,43,1,1,888,5,1,5,3,4,1,4,4,4,4,4,2,4,4,0,0.0
1,1,38,0,0,130,4,4,4,4,1,4,1,1,4,3,4,3,5,1,15,8.0
1,0,42,0,0,1372,3,3,5,3,4,4,4,5,4,5,4,4,3,4,141,125.0
0,0,32,0,0,2133,4,4,4,4,4,4,4,4,5,2,5,3,4,4,0,0.0
1,0,10,1,1,325,3,4,3,4,1,3,1,1,3,1,4,3,2,1,13,5.0
0,0,52,0,1,728,4,1,1,1,2,2,4,4,4,4,4,4,4,5,0,0.0
0,1,22,0,1,320,4,5,4,1,5,4,5,5,4,2,4,4,3,5,0,14.0
0,0,67,1,1,296,2,4,5,2,4,5,5,2,2,5,2,5,2,4,40,49.0
1,0,16,1,1,920,0,4,0,3,4,0,4,4,4,2,5,5,4,4,4,14.0
1,1,24,0,0,1138,4,4,4,4,5,4,4,5,3,2,4,4,5,5,0,0.0
1,0,56,1,1,220,3,3,3,1,2,3,2,2,1,3,5,3,3,2,29,22.0
1,1,37,0,0,1723,1,1,1,1,3,1,3,3,5,3,3,4,5,3,23,5.0
1,0,28,0,0,1680,4,4,4,4,5,5,5,5,4,1,5,5,4,5,0,14.0
1,1,50,0,0,1670,2,2,2,3,2,2,2,2,4,3,3,3,5,2,18,3.0
0,1,24,0,0,411,5,3,5,3,2,5,2,2,5,5,5,4,4,2,0,0.0
0,0,56,0,0,2568,3,1,1,1,5,3,2,3,3,3,3,3,3,4,0,0.0
1,0,24,1,0,271,0,1,0,3,4,0,4,4,2,3,3,1,4,4,5,0.0
1,0,45,0,0,460,3,3,3,3,2,4,4,4,4,5,4,5,4,5,5,6.0
1,0,70,1,1,2173,1,5,1,3,4,1,4,4,4,5,4,5,4,4,30,55.0
1,0,51,0,0,3991,5,5,5,5,3,4,5,4,4,3,4,5,4,3,0,0.0
0,0,29,1,1,925,0,5,0,2,1,0,1,1,5,1,3,5,1,1,0,3.0
1,0,59,1,1,680,1,5,1,2,1,1,1,1,1,2,5,4,1,1,52,79.0
0,0,44,0,0,3954,1,1,1,1,4,5,5,5,5,5,5,5,5,5,0,0.0
1,0,61,1,2,989,3,5,3,3,3,3,3,3,4,3,4,5,5,3,16,12.0
1,0,43,1,1,2588,0,5,0,1,0,5,5,3,4,5,5,5,5,5,0,0.0
1,0,46,0,0,2423,4,4,4,4,2,4,4,4,4,4,4,5,4,5,1,0.0
1,0,45,0,1,170,4,5,5,5,4,4,4,4,3,1,3,3,4,4,0,0.0
1,0,39,0,0,1180,5,5,5,5,2,4,4,5,5,5,5,4,5,3,14,2.0
1,0,62,1,1,862,2,4,2,4,4,2,4,4,5,2,5,4,5,4,0,0.0
1,0,45,0,0,3100,3,3,3,3,1,1,3,4,4,4,4,3,4,1,0,0.0
0,1,25,0,0,1452,3,5,3,4,3,3,3,3,4,4,5,5,5,3,9,23.0
1,0,35,0,0,1084,3,1,1,1,1,2,2,3,3,3,3,1,3,3,0,0.0
0,1,27,0,1,486,2,2,2,4,5,2,5,5,3,3,3,3,3,5,10,4.0
0,0,22,1,1,549,4,0,4,3,3,4,1,3,3,2,5,4,5,3,15,3.0
0,0,55,1,1,419,2,4,3,3,3,1,4,1,1,3,2,3,1,4,0,0.0
1,0,26,1,1,349,3,3,3,3,1,3,1,1,1,1,3,3,3,1,0,0.0
1,0,8,1,1,1258,4,5,4,3,3,4,3,3,3,3,3,3,5,3,0,0.0
0,0,21,1,2,912,4,5,4,5,2,4,1,2,3,2,5,3,4,2,0,0.0
0,0,28,0,0,1814,4,4,4,4,4,4,4,4,3,5,4,5,5,4,0,2.0
0,0,25,0,0,2419,1,2,2,2,1,1,1,1,1,3,2,1,3,1,0,5.0
1,0,45,0,0,1790,2,5,2,2,2,4,5,5,5,5,5,3,5,4,0,0.0
0,1,47,0,1,247,1,1,1,1,4,1,4,4,4,2,2,2,2,4,0,6.0
1,0,51,0,2,1075,2,4,1,4,2,2,2,2,1,2,4,4,3,2,5,0.0
1,0,58,0,0,3697,4,4,4,4,2,4,5,5,5,5,5,3,5,5,5,0.0
0,0,41,1,1,372,2,4,3,5,2,3,2,2,3,2,5,4,4,2,0,14.0
0,0,66,1,2,448,4,5,4,4,2,4,5,4,4,4,4,3,4,4,17,13.0
1,0,61,1,1,2462,3,4,3,3,1,3,1,1,4,5,5,4,4,1,0,2.0
0,1,36,0,1,326,2,0,2,4,3,2,3,3,4,4,4,4,5,3,0,0.0
1,0,52,0,0,3807,1,3,3,3,1,4,3,3,3,3,1,2,3,3,0,0.0
0,0,55,0,0,1849,3,3,3,3,5,4,5,3,3,3,3,4,3,5,0,0.0
1,0,57,0,0,1749,1,1,1,1,4,5,5,5,5,5,5,4,5,4,19,5.0
0,1,36,0,1,846,3,3,3,3,1,3,1,1,2,4,3,1,3,1,5,0.0
0,1,36,0,1,965,3,3,3,3,3,3,3,3,4,3,1,5,4,3,4,11.0
0,0,42,1,1,587,4,4,3,3,4,4,5,3,3,3,3,4,3,3,1,0.0
0,0,58,0,0,2342,5,5,5,5,5,3,4,5,5,5,5,4,5,3,0,0.0
0,0,46,0,0,3460,4,4,4,4,4,2,2,4,4,5,4,2,4,1,0,0.0
1,0,62,1,1,1009,2,5,2,3,5,2,4,5,3,3,5,3,5,5,28,24.0
0,0,53,1,1,366,2,4,2,2,3,5,5,2,2,2,2,1,2,5,83,83.0
0,1,55,0,1,468,4,0,4,2,1,4,1,1,5,1,5,4,1,1,0,0.0
1,0,40,0,0,192,3,3,4,3,5,4,5,4,4,4,4,3,4,3,0,0.0
0,0,47,0,0,1020,3,1,3,3,2,4,5,5,5,5,5,3,5,5,0,0.0
1,0,37,0,0,3744,5,5,5,5,5,5,5,5,4,4,4,5,4,5,172,163.0
0,0,37,0,2,174,5,3,5,3,5,5,5,5,5,1,5,3,5,5,0,0.0
0,0,51,0,1,425,4,1,1,1,5,3,2,4,4,4,4,2,4,3,0,0.0
1,1,20,0,0,369,5,3,5,4,1,5,1,1,5,2,4,4,4,1,0,0.0
0,1,22,0,1,1389,2,2,2,4,5,2,5,5,3,5,5,4,5,5,0,0.0
1,1,16,0,1,758,4,4,4,4,3,4,2,3,4,2,4,4,4,3,2,0.0
0,0,41,0,0,1514,2,2,2,2,5,3,5,2,2,2,2,2,2,4,4,0.0
0,0,31,0,0,2918,4,4,4,4,5,4,5,5,5,2,5,3,5,5,12,6.0
0,0,41,0,0,3857,2,1,1,1,5,4,3,2,2,2,2,3,2,4,0,0.0
0,0,42,0,0,1086,4,4,5,4,5,4,4,4,4,4,4,4,4,4,0,0.0
0,0,60,0,0,1561,2,5,5,5,3,1,2,2,2,2,2,1,2,3,0,0.0
1,0,47,0,0,2182,0,5,0,4,3,5,4,3,3,3,3,5,3,4,21,24.0
1,0,47,0,0,3136,2,2,2,2,3,5,4,3,3,4,3,5,3,3,0,0.0
1,0,43,0,0,125,2,2,2,2,5,2,2,5,5,5,5,5,5,5,0,0.0
1,0,60,1,1,259,1,2,1,4,4,1,4,4,3,2,4,2,3,4,0,0.0
0,0,69,1,1,1068,4,5,4,3,3,4,5,3,3,4,3,4,3,3,7,1.0
1,1,24,0,1,347,3,0,3,1,5,3,5,5,3,5,4,5,3,5,0,0.0
1,0,55,1,1,347,1,4,1,4,5,1,5,5,4,5,4,3,4,5,0,0.0
1,0,64,1,1,261,1,4,0,3,1,0,1,1,3,1,3,3,4,1,0,0.0
1,1,19,0,1,283,4,1,4,4,1,4,1,1,1,2,3,2,4,1,22,19.0
0,0,51,0,0,2133,2,5,5,5,2,4,4,2,2,2,2,1,2,2,114,104.0
1,0,57,0,0,2844,1,1,1,1,3,4,5,4,4,4,4,4,4,3,56,41.0
0,0,24,1,1,1660,2,1,2,3,3,2,5,3,1,4,2,2,2,3,0,2.0
1,0,53,0,1,834,1,4,4,4,1,1,1,1,1,1,3,4,4,1,28,8.0
0,0,56,0,0,1713,1,1,1,1,3,4,5,4,4,5,4,5,4,3,7,0.0
0,0,49,0,0,317,0,1,1,1,3,4,5,4,4,4,4,4,4,5,0,0.0
1,0,62,1,2,483,2,0,2,4,1,2,5,1,5,4,5,3,5,1,12,25.0
1,0,57,0,0,3902,1,1,1,1,5,5,5,5,5,5,5,4,5,3,55,53.0
0,0,22,0,0,2809,2,2,2,2,5,5,5,5,3,4,4,5,4,5,36,28.0
0,0,47,0,1,209,1,1,1,1,2,3,2,1,1,1,1,3,1,3,62,60.0
1,0,43,0,0,3802,3,3,3,3,4,4,4,5,5,5,5,5,5,4,0,0.0
0,0,23,0,0,190,1,1,1,1,2,1,2,4,2,3,3,2,1,2,158,156.0
1,0,50,0,0,993,2,2,2,2,3,4,4,4,4,4,4,5,4,5,0,0.0
0,0,72,0,2,67,2,5,3,5,2,3,4,3,3,2,3,4,3,3,28,18.0
0,0,18,1,1,447,2,3,2,3,3,2,3,3,4,5,3,1,3,3,0,0.0
0,0,8,1,1,594,3,1,4,2,3,4,4,3,3,1,3,4,3,3,37,46.0
0,0,21,0,0,1590,4,4,4,4,5,4,5,5,4,4,4,5,4,5,0,0.0
1,0,67,0,0,2659,1,1,1,1,1,3,3,1,1,1,1,1,1,1,0,0.0
0,0,39,0,1,399,4,2,2,2,4,4,4,4,4,3,1,5,2,4,0,0.0
1,0,62,1,1,528,2,5,2,4,2,2,2,2,4,5,4,2,2,2,0,0.0
0,0,29,1,2,331,2,5,2,2,3,2,3,3,5,3,5,3,5,3,0,0.0
1,1,21,0,0,255,5,0,5,1,2,5,2,2,5,4,5,3,4,2,0,0.0
0,0,38,0,0,2570,4,4,4,4,2,5,5,3,3,3,3,3,3,3,0,0.0
1,0,52,0,0,1897,4,4,4,4,3,5,4,4,4,4,4,4,4,3,8,10.0
0,0,37,1,1,948,2,1,2,3,5,2,5,5,2,4,3,3,3,5,0,0.0
1,0,48,1,1,1703,4,4,4,1,4,4,4,4,5,2,1,4,5,4,45,40.0
1,0,32,0,0,3037,2,2,2,2,4,4,4,4,4,1,1,3,5,4,0,0.0
0,0,42,0,1,1121,4,4,4,4,3,2,1,4,4,4,4,4,4,1,24,21.0
0,0,58,1,1,2405,5,2,5,4,2,3,4,3,3,5,3,2,3,2,10,0.0
0,0,36,1,1,2715,2,3,2,3,2,3,2,4,5,3,3,2,3,2,0,0.0
1,0,62,1,1,834,4,3,4,3,2,4,3,2,2,4,3,4,3,2,110,92.0
1,0,66,1,1,484,3,2,4,4,2,4,2,2,3,3,2,2,3,2,2,0.0
1,0,56,0,1,1000,1,1,1,1,1,1,1,1,1,1,4,4,4,1,88,125.0
0,1,62,0,2,316,4,4,4,4,4,4,4,4,2,1,4,2,3,4,0,0.0
0,0,17,0,1,677,0,3,0,3,4,3,4,4,4,5,5,5,5,4,0,0.0
1,0,13,1,1,323,2,4,2,3,2,2,2,2,1,5,4,4,4,2,15,7.0
0,0,23,1,1,919,3,2,3,3,3,3,3,3,3,3,4,4,3,3,112,95.0
1,0,36,0,1,1208,4,5,5,5,4,4,4,4,2,1,2,2,3,4,3,0.0
1,1,30,0,1,843,4,4,4,3,4,3,3,3,5,3,2,3,4,3,149,116.0
1,1,33,0,0,337,4,4,4,1,2,4,2,2,4,4,4,4,4,2,87,75.0
1,0,57,1,1,719,4,4,4,1,5,4,5,5,3,2,4,4,5,5,27,28.0
0,1,27,0,1,460,2,3,1,3,4,1,4,4,1,5,2,2,2,4,62,43.0
0,0,17,1,1,647,2,2,2,4,2,2,2,2,2,1,3,4,4,2,6,0.0
1,0,8,1,1,2106,2,2,2,4,3,2,3,3,2,5,4,1,3,3,7,32.0
0,0,37,1,1,125,3,2,3,3,2,3,2,2,3,3,3,4,3,2,6,4.0
1,0,60,0,0,3626,2,2,2,2,4,5,4,5,5,5,5,3,5,5,35,36.0
1,0,64,1,1,1728,4,1,4,3,1,4,1,1,3,1,3,2,4,1,18,24.0
1,0,53,1,1,214,2,2,2,3,4,2,4,4,3,4,2,4,2,4,0,0.0
1,0,48,1,1,284,2,5,3,4,5,3,5,5,3,3,2,1,2,5,0,0.0
0,0,65,1,0,1042,4,5,4,4,3,5,4,4,4,4,2,5,4,5,48,30.0
1,0,25,1,1,1009,0,5,0,4,5,0,5,5,5,3,5,3,4,5,0,0.0
1,1,63,0,1,749,3,3,3,3,1,3,1,1,2,2,4,2,4,1,0,17.0
1,0,48,0,0,3020,5,5,5,5,5,3,1,5,5,5,5,3,5,1,54,41.0
0,0,26,1,1,101,2,3,2,3,4,2,4,4,3,5,3,1,4,4,4,10.0
0,0,19,1,1,601,2,4,2,2,1,2,1,1,3,2,4,3,4,1,46,39.0
0,0,25,0,0,562,2,5,5,5,2,2,2,2,2,5,3,1,4,2,11,9.0
1,0,39,0,0,306,3,2,3,2,5,4,4,3,3,3,3,4,3,2,42,28.0
1,0,16,1,1,945,3,1,3,3,2,3,2,2,3,1,3,1,4,2,46,59.0
1,0,42,0,0,3605,4,4,4,4,3,5,4,4,4,4,4,4,4,3,0,0.0
0,0,52,0,0,413,5,5,5,5,5,5,4,5,5,5,5,4,5,3,4,2.0
0,0,26,1,1,1180,3,4,2,1,1,2,1,1,3,4,4,4,4,1,0,0.0
0,0,41,0,0,3238,2,2,2,2,5,4,5,4,4,4,4,3,4,4,0,0.0
1,0,56,0,0,3435,3,3,3,3,4,5,5,5,5,5,4,5,5,3,0,0.0
0,0,38,0,0,2472,5,5,3,5,3,4,4,5,5,5,5,3,5,5,0,0.0
0,1,49,0,0,980,2,2,2,2,3,2,3,3,3,5,5,4,4,3,11,6.0
1,1,41,0,0,354,1,1,1,2,1,1,1,1,3,3,4,4,4,1,0,0.0
0,0,40,0,0,3011,5,5,5,5,4,5,5,5,5,4,5,5,5,4,9,56.0
1,0,32,0,0,738,4,4,4,4,4,4,4,4,4,2,4,3,3,4,0,3.0
0,0,63,1,1,487,2,5,2,3,3,4,5,3,3,2,3,4,3,5,0,0.0
0,0,27,1,1,719,2,5,2,4,3,2,2,3,5,4,4,5,5,3,124,105.0
1,0,39,1,1,583,2,5,2,2,2,2,2,2,3,2,4,3,5,2,0,0.0
0,0,29,1,1,1464,5,5,5,3,4,5,4,4,5,5,5,4,4,4,30,6.0
0,0,58,0,0,1958,1,1,1,1,2,1,1,5,5,5,5,4,5,5,13,18.0
0,0,31,0,0,642,3,3,3,3,4,4,4,4,1,5,3,1,5,4,66,68.0
0,0,43,1,1,444,3,4,3,1,2,4,5,1,1,3,1,3,1,4,7,10.0
1,0,24,1,1,190,2,3,2,2,5,2,5,5,3,2,2,1,3,5,0,0.0
0,0,33,0,2,1598,1,5,4,4,1,2,1,1,3,1,3,3,4,1,0,0.0
0,1,37,0,1,1036,4,4,4,3,1,4,1,1,1,4,5,5,4,1,5,17.0
0,0,18,1,2,549,2,5,2,3,2,2,2,2,5,5,4,5,4,2,0,0.0
1,0,64,1,1,862,3,5,2,3,4,2,4,4,3,5,5,4,5,4,25,21.0
0,1,49,0,0,1013,1,2,2,5,4,1,4,4,3,4,5,5,4,4,0,0.0
0,0,56,1,1,236,3,3,3,3,5,2,5,4,4,3,4,1,4,5,57,52.0
1,0,44,0,1,373,5,1,1,1,5,5,5,5,2,1,2,5,5,5,0,0.0
0,0,58,0,0,222,5,5,5,5,3,5,5,5,5,4,5,4,5,4,0,0.0
1,1,32,0,0,157,3,3,3,3,2,3,2,2,5,2,4,3,4,2,0,0.0
1,1,30,0,1,759,1,1,1,1,4,1,4,4,5,2,4,2,1,4,0,0.0
0,0,49,1,2,427,4,4,5,1,2,4,5,3,3,5,3,5,3,3,0,0.0
0,0,43,0,0,3004,3,3,3,3,2,4,3,2,2,2,3,1,2,2,0,0.0
1,1,28,0,0,2342,3,3,3,4,3,3,3,3,3,5,5,4,4,3,0,0.0
1,0,59,1,1,325,3,2,3,3,3,3,3,3,2,4,3,4,3,3,0,0.0
1,0,55,0,0,2607,5,5,5,5,4,4,4,1,5,3,1,4,3,4,0,0.0
1,0,38,1,1,190,2,4,2,3,4,2,4,4,3,2,4,4,5,4,0,0.0
0,1,23,0,1,452,5,0,5,1,1,5,1,1,4,5,5,3,5,1,54,44.0
1,1,24,0,1,791,3,3,3,3,5,3,5,5,2,1,3,1,3,5,39,6.0
0,0,43,0,0,362,4,4,4,4,4,4,3,4,4,3,4,3,4,3,47,45.0
0,0,41,0,1,373,5,2,2,2,5,5,5,5,2,5,4,3,2,5,0,0.0
1,0,72,0,0,1747,1,3,3,3,5,1,3,1,1,1,1,3,1,2,0,0.0
1,0,31,0,2,404,4,4,4,4,4,4,4,4,1,2,2,4,2,4,17,3.0
0,0,41,0,0,3108,3,1,1,1,3,3,3,3,3,3,3,1,3,2,0,2.0
0,0,46,1,1,187,1,4,1,2,5,4,5,1,1,1,1,4,1,4,9,3.0
1,0,49,1,0,726,3,3,3,4,1,3,4,4,4,3,4,4,4,2,0,0.0
1,0,27,0,0,183,4,4,4,4,5,4,4,5,4,3,4,3,4,5,0,7.0
1,0,46,0,1,163,5,4,4,4,5,5,5,5,1,4,2,1,2,5,0,0.0
1,0,24,0,0,2536,1,3,5,3,1,1,1,1,2,3,3,4,3,1,10,22.0
1,0,22,0,0,2027,2,2,2,2,4,4,4,4,5,3,4,4,4,4,7,2.0
1,1,34,0,1,860,3,3,3,1,3,3,3,3,1,5,2,1,5,3,0,0.0
1,0,14,0,1,1504,3,3,3,3,3,3,2,3,1,5,3,1,3,3,0,0.0
1,0,60,0,1,224,3,5,5,5,3,3,3,3,3,3,3,1,4,3,0,0.0
0,1,23,0,1,196,5,0,5,1,5,1,3,5,2,4,4,3,4,3,154,154.0
0,0,14,1,1,308,4,4,4,2,2,4,2,2,3,2,4,4,5,2,2,0.0
0,1,21,0,0,407,5,0,5,2,5,5,5,5,5,3,4,5,5,5,39,38.0
1,0,69,1,1,425,3,1,3,2,2,3,2,2,1,1,2,3,3,2,0,0.0
0,0,16,1,0,1325,5,4,5,3,5,4,4,5,5,4,5,4,4,4,243,226.0
1,0,53,0,1,432,4,3,3,3,4,4,4,4,4,3,3,1,4,4,0,5.0
1,0,64,1,1,1259,4,5,4,2,2,4,2,2,4,5,3,4,4,2,20,5.0
0,0,49,0,2,315,4,4,4,4,2,2,1,4,4,4,4,2,4,2,0,8.0
1,1,26,0,0,271,2,0,2,3,2,2,5,1,4,3,4,5,1,5,113,203.0
0,0,52,0,0,332,3,3,3,3,4,4,4,4,4,4,4,4,4,3,1,0.0
0,1,25,0,1,1189,3,3,3,4,4,3,4,4,3,4,4,1,4,4,31,29.0
0,0,45,0,0,3334,2,4,2,2,4,5,5,4,4,4,4,3,4,5,51,48.0
0,0,28,1,2,867,4,4,4,4,5,4,5,5,4,3,5,4,4,5,30,13.0
1,0,67,1,1,2342,3,4,3,3,5,3,2,5,4,2,3,1,4,5,0,0.0
0,0,23,1,2,101,4,4,4,4,5,4,5,5,3,2,4,4,5,5,0,0.0
0,1,28,0,1,160,4,2,4,4,1,4,1,1,2,4,3,1,4,1,52,44.0
0,0,52,0,0,2035,4,3,4,4,5,5,5,5,5,5,5,4,5,4,4,0.0
0,1,37,0,1,308,2,0,2,1,5,2,5,5,2,2,3,1,5,5,0,3.0
0,0,53,0,0,302,2,1,1,1,5,4,4,2,2,2,2,1,2,2,2,0.0
1,0,43,0,1,1005,4,4,4,4,5,4,5,5,4,1,4,3,3,5,0,1.0
0,0,13,0,0,1522,1,1,1,1,1,1,1,1,3,5,3,1,4,1,0,0.0
1,1,18,0,0,491,5,0,5,3,1,5,1,1,3,3,4,4,4,1,0,0.0
1,1,11,0,1,972,1,1,1,3,1,1,1,1,4,3,4,2,1,1,0,0.0
0,0,50,0,0,2454,3,3,3,3,5,3,5,3,3,3,3,3,3,5,46,24.0
0,0,28,0,0,2032,1,1,1,1,5,5,5,5,4,3,5,3,4,5,0,0.0
0,0,51,1,1,395,2,4,5,1,2,4,5,3,3,5,3,1,3,1,0,0.0
0,0,38,0,1,109,5,3,3,3,5,5,5,5,5,2,4,1,1,5,31,15.609914872308464
0,1,48,0,1,170,2,0,3,2,5,3,5,5,4,3,1,1,4,5,21,50.0
1,0,59,1,1,246,4,5,4,3,5,4,5,5,3,3,3,3,4,5,0,0.0
0,0,27,1,1,992,3,4,3,4,4,3,4,4,4,5,4,3,4,4,0,0.0
1,0,33,0,0,2445,4,4,4,4,4,4,4,4,3,3,4,5,5,4,0,0.0
0,1,24,0,1,2640,1,1,1,4,1,5,5,4,3,3,4,5,4,5,0,33.0
1,1,25,0,0,997,1,4,1,2,5,1,3,5,3,4,4,4,5,5,20,41.0
1,0,19,0,1,337,4,2,2,2,4,4,3,4,4,4,3,4,3,4,12,17.0
1,0,60,0,0,1833,4,4,4,4,1,4,5,4,4,4,4,1,4,2,0,0.0
0,0,27,0,1,1744,3,1,1,1,3,3,3,3,2,2,2,3,3,3,0,0.0
1,0,56,0,1,1013,3,4,4,4,3,3,3,3,4,5,3,3,4,3,13,7.0
0,0,68,1,1,666,4,3,4,2,1,5,2,1,1,4,1,5,1,5,2,0.0
0,0,67,0,2,1417,4,5,5,5,1,4,2,4,4,4,4,1,4,3,0,0.0
1,1,37,0,1,107,2,2,2,3,2,1,4,3,3,3,4,4,2,4,232,241.0
1,0,60,0,0,3159,2,2,1,2,5,5,4,3,3,4,3,4,3,5,0,0.0
1,0,10,1,1,980,2,4,3,3,4,3,4,4,2,4,4,4,4,4,0,0.0
1,0,64,1,1,214,4,3,4,4,5,4,5,5,3,1,3,1,3,5,0,4.0
1,1,39,0,0,216,2,2,2,3,3,2,3,3,2,1,4,2,4,3,0,0.0
0,1,25,0,1,545,4,2,4,3,2,4,2,2,2,2,4,4,3,2,0,5.0
1,0,30,0,0,1896,4,1,1,1,4,4,4,4,2,2,3,4,2,4,81,72.0
1,0,47,0,0,427,4,4,4,4,5,4,4,4,4,4,4,3,4,3,0,0.0
1,0,38,0,0,2300,4,2,2,2,4,4,3,4,4,4,4,3,4,2,60,37.0
1,1,26,0,0,196,5,1,5,4,2,5,2,2,3,2,4,3,4,2,27,40.0
0,0,24,0,1,287,1,1,0,3,5,0,5,5,2,2,2,2,2,5,0,8.0
1,0,35,0,0,158,4,4,4,4,4,5,2,5,5,5,3,5,5,4,13,4.0
0,0,31,0,0,3331,1,1,1,1,5,5,5,5,4,1,2,2,5,5,0,0.0
1,1,25,0,0,403,2,5,2,5,4,2,4,4,3,2,4,5,5,4,20,1.0
0,0,39,0,0,2904,5,5,5,5,2,4,4,5,5,4,5,5,5,3,6,23.0
1,0,53,0,0,2332,5,5,5,5,5,5,5,4,4,5,4,4,4,3,0,3.0
1,0,41,0,0,296,0,0,0,3,2,5,3,4,4,4,4,4,4,3,0,0.0
0,0,34,0,0,374,3,3,3,3,4,4,1,4,4,4,4,5,4,3,0,0.0
0,0,16,1,1,1379,2,5,2,2,2,2,2,2,5,2,4,3,5,2,2,0.0
0,0,69,0,1,309,5,5,5,5,1,2,3,5,5,5,5,4,5,2,0,0.0
0,0,25,1,1,140,3,3,3,4,4,3,4,4,4,2,3,1,4,4,27,31.0
1,0,50,0,1,308,2,1,1,1,2,2,2,2,3,2,2,2,3,2,18,12.0
1,0,44,0,1,2454,4,1,1,1,4,4,4,3,4,5,4,4,5,4,0,0.0
1,0,33,0,0,109,3,3,3,3,4,4,5,4,2,3,4,4,5,4,0,1.0
0,0,41,0,0,3636,1,1,1,1,3,5,4,4,4,4,4,5,4,2,0,0.0
1,0,24,0,0,2903,3,3,3,3,3,3,3,3,4,2,2,2,2,3,0,0.0
0,0,25,1,1,588,1,3,1,1,4,1,4,4,1,2,1,3,5,4,0,0.0
1,0,40,0,1,588,5,1,1,1,5,5,5,5,1,4,3,3,5,5,0,0.0
0,0,21,0,0,3510,3,1,1,1,3,2,3,3,3,3,3,1,3,3,0,0.0
1,0,26,0,0,3960,1,1,1,1,4,4,4,4,4,2,5,4,4,4,45,48.0
1,0,59,0,0,762,1,1,1,1,5,5,5,3,3,3,3,3,3,3,0,0.0
0,1,44,0,1,1448,2,2,2,5,5,2,5,5,1,5,4,1,1,5,0,0.0
1,0,54,0,0,544,2,2,2,2,5,5,5,4,4,4,4,4,4,5,0,0.0
0,0,42,0,0,1947,2,2,2,2,2,4,4,4,4,4,4,4,4,4,29,20.0
0,0,27,0,0,347,3,3,3,3,4,4,4,4,3,5,4,3,4,4,43,38.0
0,0,26,0,2,680,5,5,5,5,5,5,5,5,1,4,5,1,3,5,12,27.0
1,0,22,0,2,493,4,1,5,5,4,4,4,4,2,4,2,3,4,4,19,6.0
0,0,44,0,0,3767,1,1,1,1,5,2,2,2,2,2,1,4,2,2,44,92.0
1,0,12,1,1,447,5,5,2,3,3,2,5,3,4,3,2,3,5,3,102,93.0
0,0,70,0,0,1810,3,5,5,5,5,4,3,5,5,4,3,4,5,3,0,12.0
0,0,39,0,2,1721,4,4,4,4,4,4,4,4,4,3,3,2,1,4,0,0.0
1,0,19,1,0,342,3,1,3,2,3,3,3,3,2,1,3,1,3,3,0,0.0
0,1,27,0,1,472,3,4,3,4,3,3,3,3,1,5,4,2,4,3,8,5.0
0,0,30,0,0,1966,3,4,4,4,3,3,3,3,4,1,3,4,3,3,0,5.0
0,0,66,1,1,346,3,5,3,2,4,5,5,1,1,3,1,4,1,5,1,0.0
0,0,29,1,1,748,2,5,2,2,5,2,1,5,4,2,4,3,5,5,0,0.0
1,0,24,1,1,836,2,4,2,1,1,2,1,1,5,4,1,1,2,1,27,54.0
1,0,45,1,1,909,3,5,3,2,1,3,1,1,4,4,5,3,4,1,0,0.0
1,0,51,0,1,1217,5,1,5,1,5,5,5,2,3,5,3,5,3,5,0,7.0
1,0,60,1,1,1609,3,5,3,4,3,3,3,3,4,5,4,5,4,3,80,82.0
0,0,63,0,2,1947,1,5,5,5,3,1,3,1,1,1,1,3,1,1,0,0.0
1,0,55,0,0,3412,2,5,5,5,1,4,3,2,2,2,2,1,2,3,0,0.0
0,0,34,0,0,1065,1,5,5,5,1,2,2,1,1,1,1,3,1,4,0,19.0
0,0,51,0,0,3461,0,0,0,1,5,1,4,4,4,4,4,1,4,1,13,0.0
0,0,59,0,0,1379,3,5,5,5,2,3,3,3,3,3,3,4,3,1,0,0.0
1,0,27,0,0,2072,2,2,2,2,4,4,4,4,2,3,4,1,5,4,6,13.0
0,0,43,0,0,3946,3,3,3,3,3,5,5,4,4,4,4,5,4,4,0,0.0
1,0,48,0,0,1722,4,5,4,4,4,2,3,4,4,4,4,2,4,1,0,0.0
1,0,22,0,0,1546,1,1,1,1,4,4,4,4,5,3,4,2,4,4,1,0.0
0,0,35,0,0,1658,2,2,5,2,1,2,1,5,5,5,3,3,5,3,6,6.0
1,0,34,0,0,1565,3,5,1,1,5,3,3,3,3,3,3,2,3,3,3,1.0
1,0,45,0,0,1852,1,1,1,1,5,5,4,2,2,2,2,5,2,5,0,0.0
1,0,43,0,1,977,2,3,3,3,2,2,2,2,4,3,2,4,3,2,5,10.0
0,0,40,0,1,192,2,5,5,5,2,2,2,2,4,2,4,4,4,2,7,0.0
1,1,27,0,1,925,2,2,2,5,5,2,5,5,2,5,5,1,4,5,4,3.0
0,0,61,1,1,300,3,1,3,2,2,2,1,3,3,3,3,1,3,1,5,28.0
1,0,54,1,1,2611,3,4,3,3,3,2,2,2,5,3,2,2,1,2,0,6.0
0,0,61,0,1,347,2,5,5,5,5,2,4,3,3,2,3,3,3,4,0,11.0
0,0,67,1,1,1192,4,5,4,1,2,4,5,5,5,4,3,5,5,5,18,24.0
0,0,52,1,1,931,2,4,2,4,4,5,4,3,3,2,3,5,3,3,9,0.0
0,1,25,0,0,920,0,0,1,1,1,1,1,1,4,3,4,5,5,1,0,0.0
0,1,44,0,0,288,5,5,5,5,4,5,4,4,4,5,4,4,4,4,0,0.0
0,1,25,0,1,1576,3,3,3,3,1,3,1,1,3,2,4,1,3,1,0,0.0
1,0,68,1,1,1235,2,4,2,4,2,2,2,2,3,5,4,3,5,2,65,71.0
0,0,32,1,1,1235,3,5,3,2,4,3,4,4,4,4,4,4,5,4,0,2.0
1,0,13,1,2,460,3,4,3,1,5,3,5,5,4,3,4,4,5,5,25,18.0
0,0,34,0,0,1668,4,4,4,4,3,5,4,4,4,4,4,4,4,5,0,0.0
1,0,50,0,0,3839,1,1,1,1,3,5,5,4,4,4,4,5,4,4,36,53.0
0,0,20,1,1,1620,3,2,3,3,2,3,5,2,3,3,4,4,3,2,0,0.0
1,0,69,0,0,2274,2,5,4,5,2,2,3,2,2,2,2,2,2,3,0,0.0
0,1,44,0,0,1670,3,3,3,4,5,3,5,5,3,2,4,2,4,5,0,8.0
1,1,25,0,0,591,5,5,5,2,5,5,5,5,5,3,4,3,5,5,1,0.0
1,0,11,1,1,1310,3,4,4,3,5,4,3,5,4,3,4,3,5,5,24,12.0
0,1,42,0,0,431,3,3,3,5,3,3,3,3,5,2,4,5,5,3,0,4.0
0,0,41,0,0,2097,2,2,2,2,2,4,4,4,4,4,4,4,4,4,55,43.0
0,1,25,0,1,1444,3,3,3,3,4,3,4,4,1,4,4,4,4,4,0,0.0
0,0,36,0,1,580,2,4,4,4,2,2,2,2,4,2,2,1,3,2,1,0.0
1,0,25,1,1,1747,4,1,4,3,1,4,1,1,3,1,2,1,3,1,0,0.0
0,0,44,0,0,696,5,5,5,5,5,4,4,4,4,4,4,3,4,3,21,26.0
1,0,32,1,1,1440,5,4,5,5,1,4,1,1,5,5,4,3,5,1,0,0.0
1,1,25,0,1,1258,3,3,3,3,3,2,2,1,2,3,3,2,1,2,199,185.0
1,0,54,0,0,1013,5,5,5,5,5,5,4,2,2,2,2,5,2,3,9,3.0
0,1,17,0,2,258,1,0,1,4,4,1,4,4,2,2,4,4,4,4,0,0.0
1,1,20,0,1,153,3,3,2,3,5,2,1,5,2,1,5,2,1,5,0,0.0
1,1,22,0,0,231,5,0,5,4,5,5,5,5,3,4,4,3,1,5,0,0.0
1,1,65,0,0,473,5,5,5,3,1,5,1,1,4,5,4,5,4,1,11,33.0
1,0,34,0,0,2164,4,4,4,4,1,1,2,2,2,2,2,1,2,4,0,6.0
1,0,27,1,1,391,2,5,2,5,1,2,1,1,3,4,5,4,5,1,1,0.0
1,1,25,0,1,646,2,1,2,2,4,2,3,4,4,4,3,2,2,4,13,1.0
0,0,26,1,1,403,3,4,2,3,2,2,2,2,3,5,4,5,5,2,53,36.0
1,0,61,1,0,646,2,2,1,4,1,4,3,2,2,1,4,4,2,2,40,21.0
0,0,12,1,1,2466,2,4,2,3,1,2,1,1,4,4,5,4,4,1,0,0.0
1,0,68,1,1,480,3,4,3,3,5,3,5,5,2,4,3,4,4,5,7,6.0
1,1,19,0,0,236,3,4,3,3,2,3,2,2,2,2,4,3,4,2,0,0.0
0,0,53,0,0,581,1,1,1,1,3,4,4,4,4,4,4,3,4,3,1,0.0
0,0,74,0,0,3589,3,3,3,3,3,4,2,3,3,3,3,1,3,4,0,3.0
1,0,47,0,0,2486,4,4,4,4,3,5,4,5,5,5,5,5,5,5,0,0.0
1,1,39,0,0,370,1,1,1,4,5,1,5,5,4,5,5,5,5,5,11,9.0
0,0,53,0,0,451,2,4,4,4,3,4,4,2,2,2,2,4,2,4,22,20.0
1,0,35,0,1,119,5,5,3,5,5,5,5,5,5,2,3,1,2,5,0,0.0
0,0,42,0,0,2381,0,0,0,2,4,4,4,2,2,2,2,3,2,5,0,0.0
1,1,20,0,1,1061,3,3,3,4,2,3,3,2,2,3,4,4,3,2,0,0.0
0,1,26,0,0,1024,4,4,4,1,5,4,5,5,3,2,4,4,5,5,16,14.0
0,1,69,1,1,1334,5,4,5,3,4,5,4,4,5,4,4,3,4,4,4,0.0
1,0,51,0,0,3090,2,4,4,4,3,3,4,2,2,2,2,4,2,1,0,0.0
0,0,8,1,1,354,3,2,3,4,3,3,3,3,2,4,4,1,3,3,0,0.0
0,0,35,0,0,337,5,5,5,5,2,4,5,4,4,4,4,3,4,5,54,40.0
1,0,27,1,1,689,3,2,3,4,3,3,3,3,4,2,4,2,4,3,0,0.0
1,0,70,1,1,679,0,2,0,3,1,0,1,1,3,1,2,3,2,1,0,0.0
0,1,40,0,0,594,2,2,2,4,4,2,4,4,4,5,5,3,5,4,0,0.0
0,0,43,1,2,1592,3,5,3,2,5,3,5,1,1,3,1,4,1,3,4,34.0
1,0,57,0,0,1389,1,1,3,1,5,5,4,5,5,5,5,4,5,5,0,0.0
0,0,24,0,0,3931,3,3,3,3,3,4,3,3,1,3,5,4,4,3,0,0.0
0,0,47,0,0,2744,3,3,3,3,5,3,2,3,3,3,3,1,3,2,0,2.0
1,0,63,0,0,371,3,3,3,3,3,3,3,1,4,3,3,3,1,3,137,165.0
0,0,35,0,0,1834,5,5,5,5,5,4,4,5,5,5,5,5,5,5,10,0.0
1,0,43,0,0,3677,4,4,4,4,4,4,4,4,4,4,4,4,4,5,2,0.0
1,0,60,0,0,3664,1,3,3,3,1,3,3,1,1,1,1,4,1,3,0,3.0
0,0,54,0,0,335,2,2,2,2,1,4,4,2,2,2,2,3,2,1,0,0.0
1,0,26,0,1,1085,4,5,2,5,4,3,3,4,3,5,4,1,3,4,94,86.0
0,0,31,0,0,749,1,1,5,1,5,5,5,5,4,5,4,5,4,5,11,11.0
1,0,23,0,0,1698,2,2,2,2,5,5,5,5,3,2,1,4,3,5,101,126.0
1,0,47,1,1,1874,4,2,4,4,5,4,5,5,4,3,3,3,3,5,11,39.0
1,0,41,0,1,606,1,4,4,4,1,1,1,1,1,4,4,2,4,1,18,2.0
1,0,67,1,1,680,2,5,2,3,4,2,4,4,4,2,4,4,5,4,0,0.0
0,0,66,1,1,883,1,3,1,3,5,5,4,5,5,1,5,2,5,3,44,52.0
0,0,55,0,0,1682,4,4,4,4,3,4,4,3,3,4,5,4,3,3,0,0.0
0,0,42,1,1,135,4,0,4,4,5,4,5,2,2,4,2,3,2,3,0,0.0
1,0,17,1,1,802,2,5,2,2,4,2,4,4,2,5,3,1,4,4,0,5.0
0,0,45,1,1,531,1,3,1,3,3,4,2,2,2,1,2,1,2,4,0,0.0
1,0,36,0,0,733,4,4,4,4,3,4,4,4,4,4,4,3,4,3,0,0.0
0,0,44,1,1,73,2,3,2,3,4,3,4,1,1,2,1,2,1,1,0,32.0
1,0,39,0,1,420,4,2,2,2,4,4,4,4,2,4,4,4,4,4,9,2.0
0,0,61,1,1,588,1,2,1,3,1,3,3,5,5,1,2,3,5,1,0,0.0
1,0,33,1,1,1197,3,4,3,5,4,3,3,4,5,3,4,4,5,4,0,0.0
1,0,57,0,0,651,1,4,5,4,4,1,2,1,1,1,1,3,1,2,0,0.0
1,1,24,0,1,177,5,0,4,5,1,4,1,1,1,1,3,5,5,1,0,0.0
0,1,23,0,2,764,2,0,2,4,2,2,2,2,4,3,5,1,1,2,0,0.0
1,0,35,0,0,2521,1,4,4,4,1,4,3,1,1,1,1,4,1,2,0,1.0
1,0,36,1,1,589,1,4,2,4,4,2,3,4,2,1,4,3,4,4,0,0.0
0,1,27,0,0,455,1,1,1,1,2,1,2,2,5,4,4,5,5,2,0,40.0
1,0,63,0,0,2621,2,2,3,2,5,5,5,5,5,5,5,5,5,5,8,7.0
0,0,36,0,0,3964,2,2,2,2,5,4,4,5,5,5,5,5,5,3,0,1.0
0,0,31,0,0,401,4,4,4,4,2,2,2,2,4,3,4,4,4,2,0,0.0
0,0,34,1,1,151,3,4,0,1,3,0,2,3,5,3,5,3,4,3,0,0.0
1,0,33,0,0,3988,1,1,2,1,5,5,5,5,5,5,5,3,4,5,0,0.0
1,0,41,1,1,1182,3,5,3,4,2,3,2,2,5,3,5,5,4,2,0,0.0
0,1,41,0,0,1670,2,1,1,2,3,2,4,3,3,5,3,4,5,3,0,0.0
0,0,44,1,1,501,4,2,4,4,4,4,4,2,2,4,2,2,2,4,0,0.0
0,0,41,0,0,2139,3,3,3,3,2,5,5,4,4,5,4,5,4,4,19,23.0
1,0,39,0,1,422,4,2,2,2,4,4,4,4,1,3,5,3,1,4,0,0.0
1,0,35,0,0,589,2,4,1,4,2,3,4,2,2,2,2,1,2,3,44,46.0
1,0,40,0,1,207,4,5,5,5,4,3,4,4,3,5,3,4,3,4,0,0.0
1,0,40,0,0,602,5,5,5,5,2,5,5,5,5,5,5,3,5,4,0,0.0
1,0,31,0,0,1620,3,2,4,2,3,3,3,3,2,2,2,3,4,3,0,0.0
0,0,60,1,1,589,2,4,2,2,3,5,5,5,5,2,5,3,5,4,54,84.0
0,1,22,0,1,214,4,3,3,1,5,3,5,5,5,5,5,4,5,5,2,0.0
1,0,45,1,2,1197,3,2,3,4,3,3,3,3,4,3,2,1,3,3,26,31.0
0,0,47,0,0,528,2,2,2,2,5,5,4,4,4,4,4,4,4,4,0,0.0
1,0,55,1,1,628,3,5,3,2,3,3,3,3,5,2,2,1,1,3,0,0.0
0,0,8,1,1,597,4,4,4,2,2,4,2,2,5,4,5,4,4,2,0,6.0
1,0,8,1,2,409,4,5,4,2,5,4,5,5,4,4,5,3,5,5,0,0.0
0,0,45,0,0,1123,5,5,5,5,2,5,4,5,5,5,5,5,5,3,0,5.0
0,0,63,0,0,329,2,2,2,2,5,1,5,4,4,4,4,4,4,3,0,0.0
0,0,52,0,1,594,4,4,4,4,3,2,4,4,4,4,4,4,4,5,2,0.0
0,0,58,0,0,2475,2,2,3,2,4,5,5,4,4,4,4,4,4,5,0,0.0
0,0,11,1,1,2378,2,4,2,1,3,2,3,3,4,2,4,5,1,3,0,0.0
0,1,37,0,0,158,1,1,1,3,5,1,4,5,2,3,4,3,4,5,0,0.0
0,0,57,0,0,177,5,5,5,5,1,1,1,5,5,5,3,4,5,5,91,128.0
0,0,38,0,0,3453,4,4,4,4,4,4,5,4,4,4,4,3,4,4,0,0.0
1,0,57,1,1,200,3,5,3,2,4,3,4,4,4,5,4,4,5,4,0,0.0
0,0,47,0,0,999,3,3,3,3,2,5,4,5,5,5,5,5,5,4,0,0.0
1,0,53,0,0,2248,3,3,3,3,2,5,5,3,3,3,3,4,3,3,0,0.0
0,0,48,1,1,844,3,4,4,3,4,4,4,4,4,4,4,3,4,3,0,1.0
0,0,46,0,0,2414,3,3,2,3,2,5,5,3,3,3,3,3,3,4,42,30.0
0,0,47,1,1,302,4,4,4,3,2,4,5,4,4,4,4,4,4,4,23,31.0
1,0,39,0,0,1685,0,0,0,1,2,2,5,3,3,3,3,1,3,4,0,5.0
1,0,60,1,1,931,0,5,0,3,4,0,3,4,4,5,5,4,5,4,0,0.0
1,1,24,0,1,1172,4,4,4,2,3,4,3,3,3,5,4,5,5,3,0,0.0
0,1,24,0,1,532,2,0,2,4,3,2,4,3,4,2,5,4,4,3,0,0.0
1,0,44,0,0,783,1,1,1,1,5,5,5,2,2,2,2,5,2,3,3,4.0
0,1,36,0,1,391,2,1,2,4,1,2,1,1,1,3,4,1,3,1,70,62.0
0,0,55,0,0,1939,0,0,0,1,3,4,4,3,3,3,3,3,3,5,34,37.0
0,0,48,0,0,2922,4,4,4,4,4,4,3,4,4,4,4,1,4,3,0,0.0
0,0,58,0,1,1773,2,3,3,3,5,3,3,2,2,2,2,1,2,3,0,0.0
1,0,40,1,0,1744,5,3,5,3,5,3,3,2,2,5,3,3,2,1,0,5.0
0,0,28,1,1,204,2,3,0,2,3,0,3,3,4,1,3,4,4,3,0,6.0
0,0,53,0,2,676,2,5,5,5,5,4,4,2,2,2,2,1,2,3,0,0.0
0,0,48,0,1,896,2,4,4,4,4,2,4,2,2,2,2,5,2,1,12,8.0
0,0,41,0,1,956,4,2,2,2,5,4,5,5,4,1,2,1,1,5,29,94.0
0,0,36,0,0,3347,3,1,1,1,1,2,1,3,3,3,3,2,3,2,18,12.0
1,0,16,1,1,1514,3,4,3,4,4,3,4,4,2,3,4,1,4,4,7,0.0
0,0,64,0,0,209,4,4,4,4,5,3,5,4,4,3,2,5,2,5,147,259.0
1,0,48,0,0,1713,3,3,3,3,2,5,4,5,5,5,5,5,5,4,32,43.0
0,0,28,1,1,1085,2,5,2,3,4,2,3,4,4,4,5,3,5,4,17,51.0
0,0,17,0,1,606,5,1,4,1,5,5,4,5,5,1,2,5,3,5,15,15.0
1,0,30,1,0,2239,3,4,4,2,4,4,4,4,3,3,4,4,5,4,0,0.0
1,0,42,0,0,1807,4,4,4,4,4,4,4,5,5,5,5,3,5,5,53,20.0
1,0,26,1,1,483,3,1,3,3,3,3,3,3,1,2,2,2,4,3,5,4.0
1,0,43,0,0,803,3,3,3,3,3,2,2,5,5,5,5,1,5,5,0,0.0
1,0,46,0,1,451,5,5,5,5,5,5,5,5,5,1,1,3,2,5,88,74.0
1,0,51,0,2,380,2,4,4,4,2,2,2,2,1,1,3,3,4,2,16,0.0
1,0,31,0,0,2342,1,1,1,1,4,4,4,4,3,2,4,3,4,4,8,11.0
1,0,11,0,0,2945,1,1,1,1,4,4,4,4,5,2,4,4,4,4,0,3.0
1,0,35,1,1,395,1,4,1,1,4,1,2,4,5,4,5,3,5,4,23,33.0
0,0,13,0,2,1384,4,5,5,5,4,1,4,3,1,4,3,4,2,4,141,126.0
1,0,57,0,1,308,2,3,3,3,2,2,2,2,1,1,3,2,2,2,0,0.0
1,0,39,1,1,299,2,4,2,4,4,2,4,4,2,5,3,1,3,4,0,0.0
0,1,38,0,0,349,3,3,3,5,4,3,4,4,5,4,4,5,5,4,29,28.0
1,0,7,1,1,1154,3,4,3,2,3,3,3,3,5,2,5,3,5,3,0,0.0
1,0,42,0,2,758,4,5,5,5,4,4,4,4,3,5,5,5,5,4,5,0.0
1,0,50,1,1,2358,1,4,1,5,1,4,4,4,4,5,4,4,3,4,0,0.0
1,0,42,0,1,446,2,2,2,2,2,2,2,2,3,3,4,2,3,2,174,165.0
0,0,47,1,1,447,1,4,1,4,4,3,3,3,3,1,3,4,3,2,1,6.0
0,1,22,0,1,409,2,5,2,4,2,2,2,2,3,3,4,1,3,2,0,0.0
1,0,54,0,1,937,2,2,2,2,2,2,2,2,2,2,2,2,3,2,13,9.0
0,1,27,0,1,163,3,3,3,2,2,3,2,2,5,1,1,2,3,2,0,0.0
1,0,33,0,0,337,1,1,1,1,5,5,5,5,2,3,1,5,1,5,0,0.0
1,0,23,0,0,694,1,1,1,1,1,1,1,1,1,2,4,1,3,1,1,11.0
0,1,26,0,1,488,2,0,2,4,1,2,1,1,3,2,5,1,3,1,0,0.0
0,0,12,1,1,289,2,4,2,3,1,2,1,1,4,3,5,3,4,1,1,0.0
1,0,48,0,0,1851,1,2,1,1,2,5,5,4,4,4,4,5,4,4,0,0.0
0,0,31,0,0,1549,2,2,2,2,4,4,4,4,5,2,5,3,2,4,0,0.0
1,1,26,0,0,235,1,0,1,2,5,1,5,5,4,2,5,3,5,5,0,5.0
0,0,54,0,0,737,4,4,4,4,3,5,4,5,5,5,5,5,5,3,0,3.0
1,0,56,1,1,378,3,4,3,4,1,3,1,1,3,3,4,3,4,1,34,33.0
1,1,21,0,1,101,1,2,1,4,1,1,1,1,2,5,4,4,3,1,0,0.0
0,0,52,0,1,453,1,0,0,4,5,4,3,2,2,1,2,1,2,2,0,0.0
0,0,53,0,0,3643,5,5,5,5,4,4,4,3,3,3,3,3,3,4,0,0.0
0,0,57,1,1,364,1,5,1,3,4,4,4,2,2,1,2,5,2,4,0,0.0
1,0,44,1,1,547,3,5,3,3,1,3,1,1,1,4,1,2,2,1,28,31.0
0,0,53,0,0,667,4,4,4,4,4,4,5,4,4,4,4,5,4,3,6,6.0
0,0,49,1,1,1013,3,3,3,3,5,2,2,4,4,3,4,3,4,4,31,22.0
1,0,62,1,1,581,2,4,2,1,2,2,2,2,5,2,4,4,5,2,0,0.0
1,0,32,0,0,3802,0,0,0,1,5,5,5,5,3,2,5,4,5,5,90,86.0
1,0,39,0,0,2454,5,5,5,5,5,5,4,5,5,5,5,5,5,3,0,0.0
1,0,54,0,0,1545,2,2,2,2,5,5,5,5,5,5,5,4,5,4,1,0.0
0,1,25,0,0,1435,5,1,5,4,1,5,1,1,4,2,5,4,5,1,1,1.0
0,0,49,0,0,3043,0,0,0,3,4,4,4,3,3,3,2,3,3,5,0,0.0
0,0,46,0,1,645,3,2,2,2,3,3,3,2,1,2,4,3,3,3,141,139.0
0,0,51,0,0,140,2,1,3,1,1,3,3,3,3,3,2,2,3,2,0,0.0
1,0,58,0,0,1717,1,1,1,1,2,4,5,4,4,4,4,5,4,4,0,0.0
0,0,54,1,1,315,1,5,1,2,3,4,5,2,2,1,2,4,2,3,0,0.0
1,0,36,0,0,1652,2,2,2,2,3,4,5,4,4,4,4,3,4,5,0,0.0
0,0,60,1,1,1050,1,3,1,4,1,5,1,3,3,1,3,5,3,4,53,77.0
0,0,53,0,0,2704,3,1,1,1,5,2,4,3,3,3,3,2,3,3,4,6.0
0,0,66,1,1,1097,4,3,4,3,4,4,5,3,3,4,3,5,3,2,0,0.0
0,0,52,0,0,3475,2,2,2,2,4,4,4,4,4,4,4,4,4,3,0,0.0
1,1,64,0,1,315,4,3,4,4,5,4,4,5,4,5,3,2,3,5,0,24.0
1,0,25,0,0,1947,3,4,5,5,3,2,3,3,3,3,4,4,4,3,0,0.0
0,0,67,0,2,135,4,3,3,3,1,4,4,4,4,4,4,2,4,2,0,0.0
0,1,30,0,1,933,3,3,3,4,3,3,4,3,5,5,3,5,1,3,4,3.0
1,0,40,0,0,1959,3,3,3,3,4,4,4,4,3,5,5,4,5,4,209,191.0
0,1,34,0,0,883,3,4,4,3,5,4,2,5,5,4,5,4,5,5,0,0.0
1,0,40,1,1,2504,4,5,5,1,4,5,4,4,2,3,3,2,4,4,0,0.0
1,1,26,0,1,304,2,0,2,4,4,2,2,4,4,3,5,4,1,4,0,6.0
0,0,55,0,0,1688,2,2,2,2,2,5,5,5,5,5,5,4,5,3,0,0.0
1,0,26,0,0,1047,5,5,5,5,2,3,2,2,4,3,5,4,4,2,0,0.0
1,0,41,0,0,2285,4,4,4,4,1,4,3,5,5,5,5,3,5,1,0,1.0
0,0,61,0,1,986,2,5,5,5,2,3,2,2,2,2,2,1,2,3,17,11.0
1,0,41,0,1,493,3,3,3,3,3,3,3,3,3,4,4,4,2,3,0,0.0
1,0,12,1,1,462,2,4,2,3,2,2,2,2,3,4,2,2,1,2,0,0.0
0,0,33,1,1,546,3,4,4,4,5,4,5,5,1,5,3,1,5,5,80,76.0
0,0,48,1,1,296,2,5,4,3,4,4,4,2,2,4,2,3,2,3,0,0.0
0,0,60,0,0,1797,4,4,4,4,5,4,5,5,5,5,5,4,5,5,0,0.0
1,0,49,0,1,224,4,2,2,2,5,4,5,5,4,5,1,1,2,5,3,0.0
0,0,42,0,1,261,1,2,5,2,1,3,3,1,1,1,1,3,1,1,0,0.0
0,0,34,0,0,1903,5,5,5,5,4,4,5,5,5,5,5,3,5,3,12,8.0
1,0,57,0,0,370,3,3,3,3,3,4,4,5,5,5,5,3,5,2,0,0.0
0,0,38,0,0,285,5,5,5,5,1,1,3,4,4,4,4,5,4,5,0,0.0
0,0,49,0,0,1999,5,5,5,5,2,3,4,5,5,4,5,3,5,5,23,0.0
1,0,43,0,0,1371,4,4,4,4,3,4,4,3,3,4,3,5,3,5,4,3.0
1,0,47,1,1,546,4,5,4,3,4,4,4,4,2,5,2,4,4,4,0,14.0
0,0,41,0,0,3396,3,3,2,3,4,5,5,5,5,5,5,4,5,4,0,0.0
0,0,35,0,0,2128,2,2,2,2,1,5,1,4,4,4,4,5,4,4,0,0.0
0,1,25,0,0,545,3,5,3,1,5,3,5,5,4,4,5,3,5,5,0,2.0
1,0,48,0,1,89,3,5,5,5,3,3,3,3,2,5,4,3,3,3,0,0.0
1,0,58,0,0,158,2,2,2,2,2,4,4,1,1,1,2,3,1,2,0,0.0
0,1,37,0,0,235,4,4,4,3,4,4,4,4,5,3,5,4,4,4,0,30.0
1,0,60,0,0,2231,2,2,2,2,2,4,4,2,2,2,2,1,2,4,0,2.0
1,1,13,0,1,525,2,2,2,3,3,2,3,3,3,1,3,1,4,3,0,0.0
1,0,58,1,1,631,3,1,2,2,1,2,1,1,1,1,3,4,2,1,0,0.0
0,1,36,0,0,2677,3,3,3,3,3,3,3,3,5,5,3,3,4,3,0,0.0
1,0,25,1,1,909,2,2,3,3,2,3,2,2,1,3,4,3,3,2,11,0.0
0,0,53,0,0,1621,4,3,3,3,1,3,4,4,4,4,4,1,4,2,0,0.0
1,0,68,1,1,406,3,3,3,2,3,3,3,3,5,3,3,4,5,3,0,0.0
0,0,62,1,1,577,3,5,3,3,3,4,4,2,2,3,4,3,2,3,9,13.0
0,1,42,0,0,337,2,2,2,3,2,2,2,2,5,4,4,5,4,2,0,25.0
0,0,12,1,2,308,2,4,2,2,1,2,1,1,1,2,5,5,5,1,0,0.0
0,0,22,1,1,451,2,4,2,3,2,2,2,2,3,5,5,4,5,2,0,0.0
0,0,69,0,1,735,1,4,4,4,3,3,4,1,1,1,1,4,1,2,12,4.0
1,0,47,0,0,2770,0,0,0,3,2,4,4,4,4,4,4,4,4,5,0,0.0
0,0,22,1,1,1390,1,4,2,2,1,2,1,1,4,2,1,3,5,1,0,0.0
0,0,61,0,1,272,4,5,5,5,2,5,4,4,4,4,4,1,4,2,0,0.0
1,0,34,0,1,455,4,1,1,1,4,4,4,4,3,3,1,2,3,4,0,0.0
1,0,49,0,0,3805,3,2,2,2,4,4,3,3,3,4,3,1,3,2,10,0.0
0,0,19,0,1,223,4,5,5,5,4,4,4,4,2,5,3,2,3,4,2,0.0
1,1,47,0,1,608,4,1,3,3,1,3,4,1,4,1,3,2,3,1,83,45.0
0,0,18,1,1,581,3,5,3,3,2,3,2,2,5,3,4,3,5,2,56,56.0
0,0,42,1,1,728,2,3,2,3,5,3,4,3,3,2,3,3,3,2,0,3.0
1,0,10,0,1,868,2,4,4,4,2,3,2,3,1,4,3,2,2,2,315,307.0
0,0,24,0,0,3410,5,5,5,5,4,4,4,4,3,2,4,4,4,4,0,0.0
0,0,12,1,1,719,3,4,3,3,1,3,1,1,5,2,4,4,4,1,0,0.0
0,0,26,0,1,1188,1,5,5,5,1,1,4,1,2,3,4,3,3,1,0,13.0
1,0,58,1,1,201,2,5,2,5,5,2,5,5,4,2,1,5,3,5,10,15.0
0,0,9,1,0,253,2,5,2,4,3,2,1,3,3,2,3,1,5,3,0,0.0
0,1,38,0,0,1389,5,5,5,1,2,5,2,2,4,5,5,3,4,2,3,0.0
0,0,59,0,1,145,4,2,2,2,1,1,3,4,4,4,4,5,4,4,1,9.0
0,0,20,1,1,255,3,5,3,4,5,3,5,5,5,2,5,4,4,5,0,0.0
1,0,62,1,1,2475,3,2,2,3,1,2,1,1,3,2,3,3,2,1,0,0.0
1,0,37,0,0,129,4,3,3,3,2,3,4,2,2,1,4,4,2,4,77,78.0
0,0,60,1,1,438,3,4,3,3,5,4,4,4,4,3,4,3,4,5,1,0.0
0,0,22,0,0,3152,1,4,4,4,1,1,1,1,4,3,3,1,3,1,46,46.0
1,0,33,0,1,483,4,4,4,4,4,4,4,4,3,1,3,4,5,4,313,336.0
1,0,27,0,1,1235,4,1,1,1,4,4,4,1,1,3,4,4,2,4,391,354.0
1,0,39,1,1,645,3,3,3,5,3,3,1,3,5,4,5,3,3,3,21,74.0
0,0,32,0,1,163,2,4,4,4,2,2,2,2,3,2,4,2,3,2,0,0.0
0,0,43,1,1,752,3,5,3,5,5,4,5,3,3,3,5,3,3,4,52,29.0
1,0,28,0,0,101,2,1,1,1,2,2,2,2,2,2,3,2,4,2,0,0.0
1,1,20,0,1,846,3,3,3,2,2,3,2,2,1,4,2,1,3,2,15,41.0
0,0,52,1,1,1390,1,4,1,1,2,4,2,3,3,1,3,5,3,1,0,0.0
1,0,67,0,0,2726,1,2,3,2,2,3,4,1,1,1,1,3,1,2,2,17.0
1,0,25,0,0,1796,4,2,2,2,4,4,4,1,5,3,3,4,2,4,176,164.0
1,0,26,0,0,1629,1,1,1,1,5,5,5,5,4,4,2,3,3,5,0,0.0
0,0,44,0,0,3979,4,4,4,4,3,5,5,4,4,4,4,3,4,3,0,0.0
1,0,29,1,1,1020,1,4,1,4,1,1,1,1,3,3,3,4,3,1,0,0.0
1,0,58,0,0,2415,2,2,2,2,4,4,5,4,4,4,4,3,4,3,19,19.0
0,0,59,0,0,1444,1,1,1,1,2,5,4,5,5,5,5,3,5,4,11,15.0
0,0,50,1,1,1416,1,4,1,1,3,5,4,3,3,1,4,5,3,3,13,0.0
0,0,37,0,0,258,2,2,2,2,5,3,1,4,4,4,4,2,4,1,0,0.0
0,0,9,0,0,1337,5,5,5,5,5,5,5,5,5,3,4,4,4,5,4,0.0
0,0,51,0,2,261,5,4,4,4,4,3,1,5,5,5,5,1,5,1,0,0.0
0,0,42,0,1,899,3,5,5,5,3,1,3,3,3,3,3,5,3,5,0,0.0
0,0,19,0,1,327,3,4,4,4,3,3,2,3,2,1,3,1,3,3,35,62.0
0,0,15,0,0,3746,2,2,2,2,4,4,4,4,1,5,3,4,1,4,0,0.0
1,0,70,0,0,296,4,1,1,1,2,3,3,4,4,3,4,4,4,1,0,0.0
0,1,26,0,0,386,5,4,5,5,1,5,1,1,3,3,4,4,5,1,5,4.0
1,0,31,0,0,3561,1,1,5,1,5,5,5,5,3,3,3,1,3,5,0,4.0
1,0,53,0,0,2277,3,2,3,3,2,5,5,4,4,4,4,5,4,5,7,1.0
1,0,53,1,1,2075,1,5,2,4,5,2,1,5,5,3,4,3,5,5,45,19.0
0,0,36,0,1,237,2,4,4,4,2,2,2,2,2,4,2,1,1,2,0,0.0
0,0,45,0,0,2133,5,5,5,5,2,5,5,5,5,5,5,3,5,3,0,0.0
0,0,51,1,1,417,3,5,3,1,3,1,4,3,3,3,3,1,3,4,0,0.0
1,0,49,1,1,1390,4,4,4,4,5,4,2,5,5,3,5,4,4,5,0,0.0
0,0,24,1,1,605,2,4,2,4,2,2,5,2,5,4,5,3,5,2,0,0.0
0,0,43,0,0,253,5,5,5,5,5,2,1,5,5,5,5,3,5,5,0,0.0
1,0,9,1,1,1390,2,3,2,3,2,2,2,3,3,4,4,2,3,2,270,260.0
1,0,59,0,1,1174,5,1,1,1,4,5,4,4,5,5,3,5,3,4,0,14.0
0,0,32,0,0,1303,5,5,5,5,5,5,5,5,5,2,4,4,5,5,0,0.0
1,0,23,0,0,585,1,2,1,2,1,1,1,1,1,3,3,3,4,1,37,47.0
1,0,7,1,1,2677,4,1,4,3,4,3,4,4,1,3,3,4,1,4,0,0.0
1,0,44,0,0,192,5,5,5,5,3,5,4,5,5,5,5,3,5,3,23,13.0
0,0,9,1,1,883,4,5,3,1,1,3,1,1,4,4,3,3,1,1,28,19.0
1,0,57,0,0,3132,2,1,1,1,4,3,3,3,3,3,2,1,3,2,19,15.0
0,0,23,0,0,721,1,1,1,1,3,5,3,3,5,1,4,3,3,3,45,39.0
1,0,29,0,0,1963,5,5,5,5,4,4,4,4,4,3,5,3,4,4,0,0.0
0,0,49,1,1,484,3,4,3,3,3,5,4,4,4,3,4,5,4,3,0,0.0
1,0,34,1,1,859,3,5,4,2,4,4,4,4,5,3,4,5,4,4,0,88.0
0,0,23,0,2,438,4,5,5,5,4,4,5,4,5,3,4,3,2,4,0,2.0
0,1,48,0,0,2158,4,4,4,3,4,4,4,4,3,5,4,3,5,4,12,0.0
1,1,35,0,1,1152,2,2,2,2,1,2,1,1,2,2,1,3,1,1,0,0.0
1,0,44,0,0,316,1,1,1,1,5,5,4,4,4,4,4,4,4,4,0,0.0
1,0,60,0,0,594,4,4,4,4,3,4,4,5,5,5,5,3,5,4,7,27.0
1,0,52,1,1,689,2,5,2,3,3,2,3,3,1,1,2,2,2,3,0,0.0
0,0,60,1,1,214,3,2,0,4,1,4,4,1,1,0,1,1,1,3,0,0.0
1,0,23,0,0,489,1,5,5,5,1,1,1,1,2,1,2,2,3,1,54,30.0
0,1,35,0,0,723,3,4,4,5,1,4,1,1,3,3,4,3,4,1,0,0.0
1,0,43,0,2,1190,5,1,1,1,5,5,5,5,5,2,3,4,3,5,118,100.0
0,0,46,0,0,3705,4,3,3,3,4,3,4,4,4,4,4,4,4,4,4,0.0
0,1,40,0,0,666,4,4,4,4,2,4,2,2,5,3,4,5,4,2,0,0.0
0,1,50,0,1,100,1,2,1,3,2,1,2,2,3,2,3,4,4,2,0,10.0
0,0,61,0,0,2402,4,4,4,4,4,4,4,4,4,4,4,3,4,2,0,0.0
1,0,57,0,0,2993,5,5,5,5,2,4,2,4,4,4,4,4,4,3,0,6.0
0,1,26,0,0,114,4,0,5,3,4,5,4,4,4,2,5,4,4,4,0,13.0
0,0,46,0,0,544,4,4,4,4,4,4,4,4,4,4,4,5,4,5,0,6.0
0,0,29,1,1,1024,5,5,5,1,4,5,4,4,3,2,4,3,5,4,26,22.0
1,1,25,0,1,495,4,5,4,4,3,4,3,3,3,3,3,4,3,3,0,0.0
1,0,32,1,1,612,1,5,1,4,4,1,4,4,5,2,5,2,4,4,67,93.0
0,0,22,1,0,349,2,4,2,1,4,2,4,4,4,5,4,4,5,4,0,0.0
1,0,47,0,0,102,2,2,2,2,5,4,5,4,4,4,4,3,4,3,0,1.0
1,0,20,0,0,862,3,3,3,3,5,5,5,5,4,4,4,5,4,5,0,9.0
1,0,40,0,0,258,2,2,2,2,5,4,4,4,4,4,4,5,4,3,62,60.0
1,0,31,0,0,1076,5,5,5,5,4,4,4,4,2,2,5,5,4,4,13,44.0
1,0,25,0,1,846,4,4,4,4,4,4,3,4,5,4,3,2,1,4,10,0.0
1,0,32,0,0,2072,5,5,5,5,2,2,2,5,2,5,4,2,5,2,160,155.0
0,0,43,1,1,462,3,4,3,3,4,4,3,1,1,3,1,3,1,4,0,0.0
1,0,61,0,0,214,3,3,3,3,4,5,5,3,3,4,4,3,3,3,0,0.0
0,1,56,1,1,589,1,5,1,3,3,1,4,3,4,1,1,5,4,3,7,12.0
0,0,40,1,1,1514,4,4,4,3,1,4,3,1,3,4,3,4,5,1,15,10.0
0,0,46,1,0,119,4,0,4,1,5,5,4,4,4,4,4,3,4,3,13,32.0
1,1,28,0,0,1188,1,2,2,3,3,2,4,3,3,1,4,4,2,3,0,0.0
0,1,22,0,1,779,2,2,2,1,1,2,1,1,2,1,5,2,5,1,126,110.0
1,0,41,0,0,2163,3,3,3,3,5,3,4,3,3,3,3,3,3,4,60,70.0
1,0,28,0,0,1942,4,4,3,4,5,5,5,5,1,2,5,5,4,5,0,0.0
1,0,25,1,1,200,3,1,0,2,2,0,2,2,4,4,3,2,3,2,0,4.0
0,0,42,1,1,468,2,4,2,1,1,2,5,1,1,2,1,2,1,3,0,0.0
1,0,60,0,0,2259,5,5,4,5,3,5,4,4,4,4,4,3,4,3,0,0.0
0,0,56,1,1,1431,3,5,3,3,4,5,5,1,1,3,1,2,1,5,91,76.0
1,0,68,1,1,874,2,3,2,4,4,2,4,4,4,2,3,3,3,4,0,2.0
0,1,17,0,1,714,1,1,1,1,5,1,5,5,3,3,2,5,5,5,14,9.0
1,0,50,0,0,1235,5,5,5,5,3,4,4,5,5,5,5,4,5,3,0,0.0
0,0,54,1,0,844,4,5,5,2,2,4,4,3,3,5,3,3,3,4,0,0.0
0,0,42,0,0,3529,2,2,2,2,3,5,2,4,4,4,4,5,4,4,0,11.0
0,0,51,0,0,3324,4,4,4,4,3,4,5,4,4,4,4,3,4,3,23,17.0
1,0,58,1,1,541,2,2,2,3,1,2,1,1,4,4,4,3,4,1,4,0.0
1,0,28,0,1,731,2,1,1,1,2,2,2,2,3,3,2,3,3,2,14,8.0
0,0,25,0,1,356,3,2,2,2,3,3,1,3,1,2,1,1,2,3,0,24.0
0,0,68,1,1,1635,1,5,1,1,3,4,5,2,2,1,5,3,2,3,0,0.0
0,0,52,0,0,458,3,3,3,3,4,2,3,4,4,4,4,4,4,1,3,12.0
1,0,41,1,0,1183,4,4,4,3,2,3,5,1,1,4,1,3,1,5,0,8.0
0,1,33,0,1,109,3,0,2,5,5,2,5,5,1,3,3,5,5,5,0,0.0
0,0,30,1,2,108,3,4,3,3,4,3,1,4,5,3,5,3,4,4,0,39.0
1,0,20,1,1,446,4,3,4,3,1,4,1,1,3,4,4,2,4,1,0,0.0
1,0,45,0,0,2176,4,4,4,4,3,5,4,5,5,5,5,3,5,4,0,0.0
1,0,46,0,0,480,2,2,2,2,2,5,4,4,4,4,4,4,4,3,94,76.0
1,0,24,1,1,1096,2,5,2,3,1,2,1,1,5,4,4,3,1,1,1,0.0
1,0,22,0,0,936,2,5,2,2,4,4,4,4,5,1,1,4,2,4,0,7.0
0,0,52,0,0,1609,3,2,4,4,3,4,4,3,3,3,3,1,3,3,0,8.0
1,0,38,1,1,460,2,3,3,2,5,3,5,5,1,2,4,3,2,5,17,18.0
1,0,46,0,1,337,2,3,3,3,2,2,2,2,1,2,4,1,3,2,0,6.0
0,0,40,0,1,349,1,4,4,4,1,1,1,1,3,5,3,3,3,1,0,1.0
0,0,58,0,2,862,4,2,2,2,4,3,3,4,4,4,4,1,4,2,0,3.0
1,0,47,0,0,3065,3,2,2,2,3,2,2,3,3,3,3,2,3,1,57,54.0
1,0,39,0,0,1724,0,3,0,1,1,2,3,4,4,4,4,3,4,4,0,0.0
1,0,7,1,1,2176,2,5,2,2,5,2,5,5,3,2,2,1,4,5,0,0.0
0,0,57,0,1,1399,2,2,2,2,4,3,3,2,2,2,2,1,2,4,3,0.0
0,0,55,0,1,1438,2,3,3,3,1,4,3,2,2,2,2,4,2,3,65,91.0
1,0,28,0,0,3545,2,2,2,2,5,4,5,5,2,1,5,3,5,5,45,51.0
0,0,50,0,0,860,2,5,5,5,5,4,3,2,2,2,2,2,2,4,0,0.0
0,0,15,1,1,687,3,1,3,2,2,3,2,2,1,5,1,4,2,2,0,0.0
1,0,59,0,0,2511,1,1,1,1,5,4,5,4,4,5,4,4,4,4,0,1.0
0,0,37,0,0,1966,5,1,5,5,1,3,5,4,4,4,4,1,4,1,0,0.0
0,0,48,0,0,1943,1,1,1,1,3,5,5,5,5,5,5,4,5,5,0,0.0
0,0,52,1,1,551,2,3,2,2,1,1,5,3,3,2,3,4,3,5,4,4.0
1,0,40,0,0,3523,4,2,2,2,2,3,3,4,4,4,4,3,4,4,0,0.0
0,0,40,0,0,937,2,2,2,2,4,3,2,2,2,2,2,3,2,3,0,0.0
0,0,18,0,0,3277,4,4,2,4,4,4,4,4,4,3,4,4,3,4,26,15.0
0,0,33,1,1,226,1,4,1,1,2,1,2,2,3,4,4,4,5,2,0,0.0
0,0,50,0,0,3175,4,4,4,4,2,4,5,5,5,5,5,4,5,3,0,0.0
1,0,38,0,0,1642,1,3,3,3,1,1,1,4,4,2,2,1,2,1,156,155.0
0,0,50,0,1,421,4,4,4,4,2,3,4,4,4,4,4,4,4,1,27,20.0
0,0,55,0,0,895,5,5,5,5,3,4,4,5,5,5,5,5,5,4,0,0.0
0,0,23,0,0,1400,1,1,1,1,4,4,4,4,3,4,5,3,5,4,0,6.0
1,0,29,0,0,1642,1,5,5,5,1,1,1,1,2,1,3,1,3,1,24,14.0
0,0,55,0,1,692,2,4,4,4,1,3,4,2,2,2,2,4,2,4,0,0.0
1,0,50,0,0,3960,4,4,4,4,3,5,4,5,5,5,4,4,5,5,0,1.0
0,1,39,0,0,946,2,2,2,4,5,2,5,5,2,2,4,3,3,5,0,25.0
1,0,41,0,0,2075,4,4,2,4,4,4,4,5,5,5,5,3,5,5,0,10.0
0,0,58,0,2,575,1,4,4,4,2,3,4,2,2,1,2,2,2,4,14,16.0
1,1,39,0,1,237,1,3,1,3,4,1,4,4,4,2,4,3,4,4,7,50.0
0,0,52,0,0,296,3,3,4,3,4,5,5,5,5,5,5,3,5,4,25,23.0
0,1,37,0,1,251,3,2,3,3,3,3,3,3,4,3,3,1,4,3,0,0.0
1,0,45,0,0,2337,1,1,1,1,4,4,5,4,4,4,4,3,4,3,1,10.0
0,0,27,1,0,1426,3,4,3,2,1,3,1,1,2,3,3,3,2,1,12,21.0
1,0,50,0,0,2149,2,5,5,5,3,3,3,2,2,2,2,2,2,4,5,0.0
0,0,21,1,1,447,1,5,1,1,2,1,2,2,3,5,5,3,4,2,34,19.0
1,0,34,0,0,3162,1,1,4,1,1,2,5,5,5,5,5,1,5,2,80,73.0
0,0,26,1,1,1073,2,2,2,4,3,2,3,3,3,2,4,4,3,3,16,0.0
1,0,70,1,1,321,2,5,2,5,2,2,2,2,3,2,2,5,1,2,0,0.0
1,0,44,0,0,3187,2,2,2,2,2,3,5,5,5,5,5,1,5,1,0,0.0
0,1,26,0,1,1303,2,2,2,4,3,2,3,3,2,2,3,2,3,3,0,0.0
0,0,47,0,1,370,5,3,3,3,2,1,1,5,5,5,5,3,5,4,0,0.0
1,0,45,0,0,3305,2,2,2,2,3,5,5,4,4,4,4,4,4,3,8,0.0
0,0,40,1,1,399,3,4,3,1,1,3,1,1,5,1,2,5,1,1,0,0.0
1,0,40,0,0,946,5,5,5,5,2,4,5,4,4,4,4,5,4,4,0,4.0
0,0,29,0,0,965,3,4,4,4,3,3,3,3,1,4,3,3,3,3,0,0.0
0,0,46,0,0,2294,1,1,1,1,3,5,4,2,2,2,2,4,2,5,0,0.0
0,0,46,0,0,2799,1,1,1,1,2,4,4,4,4,4,4,5,4,5,43,42.0
1,0,55,0,0,1884,4,4,1,4,3,4,5,4,4,4,5,4,4,5,4,2.0
0,0,32,1,1,201,1,4,1,4,1,1,1,1,3,3,3,1,4,1,63,66.0
1,0,47,0,0,3227,4,4,4,4,5,5,4,4,4,4,4,3,4,5,55,60.0
0,0,34,0,0,760,4,4,4,4,4,4,4,3,3,3,3,3,3,3,6,0.0
1,1,24,0,1,446,3,4,4,4,5,4,5,5,4,4,4,2,4,5,0,0.0
0,0,45,0,0,3597,4,4,4,4,3,4,5,2,2,2,2,3,2,4,22,11.0
1,0,23,1,1,533,2,5,2,3,5,2,5,5,4,5,5,5,5,5,0,0.0
0,0,26,0,0,2123,3,3,3,3,4,4,4,4,5,3,4,5,4,4,49,51.0
0,0,44,0,0,735,2,2,2,2,4,5,4,5,5,5,5,5,5,4,0,0.0
1,0,45,0,0,919,2,2,2,2,3,4,5,4,4,4,4,3,4,4,0,13.0
0,0,52,0,1,448,4,2,2,2,2,2,3,4,4,4,4,5,4,5,2,63.0
0,0,40,0,2,809,4,2,4,2,4,4,4,4,4,3,2,4,4,4,118,100.0
1,0,40,0,0,2853,3,3,3,3,2,5,4,4,4,4,4,5,4,5,0,0.0
1,1,22,0,1,748,4,4,4,3,3,4,3,3,2,5,3,4,1,3,0,0.0
1,0,29,0,0,594,2,2,4,2,5,5,5,5,5,2,5,3,5,5,0,4.0
1,0,57,0,0,229,3,3,3,3,2,3,2,4,4,4,4,5,4,2,0,0.0
1,0,17,1,1,1744,1,5,1,5,3,1,3,3,4,2,4,4,5,3,71,69.0
1,0,31,0,0,1068,1,5,5,5,1,1,1,1,1,3,3,4,3,1,0,0.0
1,0,29,1,1,488,1,5,1,3,2,1,2,2,4,4,4,3,5,2,0,0.0
1,0,39,0,0,3264,3,3,3,3,5,4,4,5,5,5,5,3,5,5,0,0.0
1,0,66,1,1,580,2,4,2,3,4,2,4,4,5,3,5,3,4,4,26,13.0
1,0,68,1,1,630,2,4,2,2,1,2,1,1,3,1,1,1,1,1,4,1.0
0,1,33,0,2,338,1,1,1,3,1,1,1,1,3,3,2,3,2,1,17,8.0
1,0,49,0,0,337,3,4,3,3,4,5,5,4,4,4,4,5,4,3,10,0.0
0,0,33,0,0,1561,1,1,1,1,1,5,3,4,4,4,3,5,4,2,0,0.0
1,0,45,0,1,944,4,2,1,1,4,4,4,1,3,3,2,4,3,4,187,214.0
0,0,69,1,1,1055,2,5,2,1,3,4,5,2,2,2,2,5,2,3,29,17.0
1,0,48,0,0,3842,2,1,2,2,2,4,2,3,3,3,3,2,3,5,36,34.0
0,0,63,1,1,634,4,4,4,2,3,5,5,3,3,4,2,3,3,3,0,0.0
0,1,35,0,1,1462,1,1,1,1,3,1,3,3,1,5,1,3,2,3,0,0.0
1,0,40,1,2,550,4,3,4,2,2,4,2,2,5,1,4,3,4,2,23,20.0
0,0,56,0,0,3538,3,3,3,3,3,5,5,5,5,5,5,4,5,4,0,0.0
0,0,70,1,2,413,2,4,1,4,2,3,4,1,1,1,3,2,1,3,20,20.0
0,1,24,0,1,109,1,4,1,4,1,1,1,1,5,4,5,5,4,1,59,81.0
1,0,52,0,1,550,2,4,4,4,2,2,2,2,3,5,3,4,3,2,0,0.0
1,0,28,1,1,1089,1,1,0,4,5,0,5,5,4,2,4,4,3,5,0,0.0
0,0,51,0,0,2182,2,2,2,2,2,3,4,5,5,5,5,4,5,3,14,29.0
1,0,17,1,1,991,2,3,3,4,5,3,5,5,3,5,3,2,3,5,0,0.0
0,0,23,1,1,946,0,4,0,3,2,0,2,2,4,1,3,5,3,2,0,0.0
0,0,58,0,1,515,2,3,3,3,1,2,3,2,2,2,2,2,2,2,5,27.0
1,0,27,1,1,288,2,4,2,2,5,2,5,5,5,5,4,5,4,5,21,23.0
0,0,20,1,1,926,3,5,3,4,3,1,1,5,4,5,5,1,5,1,136,124.0
1,1,18,0,1,919,2,2,2,3,4,2,4,4,5,4,4,4,4,4,0,0.0
1,0,43,0,0,101,0,4,0,1,3,5,4,3,3,3,3,1,3,1,2,1.0
0,0,48,0,0,2091,4,4,4,4,3,4,4,4,4,4,4,3,4,5,0,0.0
1,0,41,0,1,262,3,4,4,4,3,3,3,3,1,3,2,2,4,3,0,0.0
0,0,21,1,1,937,4,4,4,2,4,4,4,2,2,3,3,4,1,4,185,175.0
0,0,64,0,1,112,3,4,4,4,3,3,4,3,3,3,3,5,3,2,48,40.0
1,0,44,1,1,528,1,3,1,5,1,1,1,1,2,1,5,5,3,1,20,8.0
1,1,27,0,0,227,3,3,3,4,2,3,2,2,4,4,4,2,4,2,0,8.0
0,0,57,0,0,2585,2,2,2,2,4,4,4,4,3,5,4,4,3,4,0,0.0
0,0,16,0,1,1056,5,3,3,3,5,4,5,5,5,3,5,2,5,5,0,0.0
0,0,40,0,0,3857,4,4,4,4,5,4,5,5,5,5,5,5,5,4,6,0.0
0,0,56,0,0,431,3,4,4,4,4,2,3,3,3,3,3,4,3,2,0,5.0
0,0,27,0,0,2227,4,4,4,4,5,5,5,5,3,4,5,3,5,5,0,0.0
1,0,27,0,0,3534,5,5,5,5,4,4,4,4,4,4,5,5,5,4,0,0.0
0,0,38,0,0,1947,5,5,5,5,3,5,5,5,5,5,5,3,5,5,0,0.0
0,1,29,0,0,1035,1,1,1,1,5,1,5,5,4,4,4,4,4,5,0,0.0
1,0,69,1,1,550,3,4,3,4,2,3,4,2,1,4,3,3,3,2,0,0.0
0,1,42,0,0,977,3,3,3,3,3,3,3,4,3,4,5,3,4,3,131,125.0
0,1,21,0,1,192,3,3,3,4,1,3,1,1,4,2,3,1,3,1,0,0.0
1,0,46,0,0,474,3,2,2,2,4,4,4,3,3,3,3,4,3,2,0,0.0
0,0,55,1,1,957,3,5,3,2,2,5,4,3,3,3,3,3,3,4,41,39.0
1,1,27,0,0,1744,0,0,0,2,1,0,1,1,3,5,4,3,4,1,10,0.0
0,1,27,0,2,1080,3,3,3,3,3,3,3,3,4,1,3,3,3,3,0,0.0
1,0,28,1,1,731,2,3,2,2,3,2,3,3,4,1,5,4,1,3,13,9.0
1,0,23,0,1,866,4,5,4,5,4,4,4,4,2,3,1,4,2,4,0,0.0
0,1,35,0,0,668,2,2,2,2,5,2,5,5,4,5,5,4,4,5,0,0.0
1,0,54,0,0,185,3,3,4,3,5,4,5,5,5,5,4,5,5,3,25,24.0
1,0,29,0,1,1235,0,1,1,3,1,1,1,1,2,4,2,5,2,1,50,40.0
1,0,35,1,1,775,2,3,2,4,4,2,4,4,4,4,3,4,1,4,1,0.0
0,0,47,0,0,3465,1,3,3,3,3,3,4,1,1,1,1,1,1,4,13,15.0
0,0,48,0,2,907,4,2,2,2,5,5,3,4,4,4,4,2,4,5,0,1.0
1,0,72,0,0,3081,4,4,4,4,5,4,4,4,4,4,4,3,4,5,0,0.0
0,0,46,0,0,2820,2,2,2,2,2,1,2,5,5,5,5,2,5,3,1,0.0
0,0,52,0,0,1773,2,2,2,2,2,3,5,3,3,3,3,5,3,4,14,11.0
0,1,42,0,0,460,3,3,3,2,5,3,5,5,3,3,5,4,5,5,0,0.0
1,0,49,0,0,158,4,4,4,4,2,4,4,4,4,4,4,5,4,5,0,0.0
0,0,41,0,0,853,1,2,2,2,4,3,3,1,1,2,1,4,1,2,0,0.0
1,0,7,1,0,2521,4,2,4,3,4,1,1,4,3,3,3,1,4,1,0,0.0
1,0,56,0,0,1610,1,1,3,1,5,4,4,5,5,5,5,4,5,4,0,9.0
1,0,69,1,1,700,3,5,3,2,5,3,5,5,4,4,2,5,1,5,0,0.0
0,0,46,0,0,2981,1,1,1,1,2,5,4,5,5,5,5,3,5,3,1,0.0
0,0,34,0,0,589,5,5,5,5,1,1,5,5,5,5,5,5,5,5,0,11.0
0,1,26,0,1,972,2,2,2,2,4,2,4,4,4,1,3,3,3,4,0,0.0
0,0,16,0,0,3494,3,1,1,1,3,3,3,3,1,2,3,2,4,3,0,0.0
0,0,26,0,0,3005,1,1,1,1,5,5,5,5,4,4,5,5,4,5,11,0.0
1,0,55,0,1,667,1,1,1,1,1,1,1,1,4,1,3,4,3,1,25,27.0
0,0,57,1,1,240,1,4,0,2,4,4,5,1,1,0,1,4,1,4,0,2.0
0,1,27,0,1,620,1,0,1,3,3,1,3,3,1,2,4,1,3,3,0,0.0
1,0,47,0,0,3349,3,3,5,3,5,5,4,4,4,4,4,5,4,3,0,0.0
0,1,23,0,1,577,0,0,1,1,5,1,5,5,4,2,4,2,1,5,0,0.0
1,1,22,0,0,1154,4,0,4,1,2,4,2,2,3,5,4,5,4,2,0,0.0
0,1,33,0,0,356,3,3,3,4,4,3,4,4,4,5,5,5,5,4,12,0.0
0,0,63,1,0,1431,3,1,3,4,4,3,3,5,5,3,5,2,5,3,0,0.0
1,1,28,0,0,405,5,5,5,1,3,5,3,3,5,4,5,3,4,3,14,11.0
0,0,17,1,1,1773,2,2,2,2,5,2,5,5,3,2,1,3,2,5,18,6.0
0,0,42,0,0,3094,5,5,5,5,4,4,5,2,2,2,2,5,2,3,0,10.0
1,0,45,0,0,3692,2,2,2,2,1,2,2,2,2,2,2,3,2,4,63,52.0
1,0,50,0,1,964,1,1,1,1,1,1,1,1,4,2,4,2,4,1,93,99.0
0,0,20,1,0,427,4,0,4,3,1,4,1,1,3,4,5,3,4,1,93,92.0
0,1,25,0,0,577,4,0,4,4,2,4,2,2,5,4,5,4,4,2,26,22.0
0,0,42,0,0,2243,5,5,4,5,4,5,4,2,2,2,2,3,2,5,18,18.0
1,0,37,0,1,230,3,5,5,5,3,4,3,3,4,4,5,2,2,3,0,0.0
0,0,39,0,0,2358,2,2,2,2,5,5,4,2,2,2,2,5,2,4,1,4.0
1,0,11,1,1,507,3,5,3,1,1,3,1,1,4,4,4,5,5,1,11,5.0
0,1,25,0,1,221,2,1,2,3,3,2,3,3,4,4,3,4,4,3,0,0.0
0,1,19,0,1,950,2,2,2,4,2,2,2,2,5,5,4,2,5,2,0,0.0
1,0,46,0,0,1786,1,1,1,1,3,5,5,5,5,5,5,5,5,3,1,7.0
0,0,19,1,1,889,4,5,4,1,3,4,3,3,3,3,4,3,5,3,6,11.0
1,0,60,0,0,1587,5,2,5,5,3,5,4,5,5,5,5,4,5,5,0,0.0
1,0,29,0,0,2542,5,5,4,5,5,5,5,5,5,2,1,3,2,5,18,55.0
0,0,42,0,0,1346,5,5,5,5,5,4,5,5,5,5,5,5,5,3,2,0.0
1,0,36,0,0,2194,3,3,2,3,3,4,1,4,4,4,4,2,4,5,14,0.0
0,0,35,0,2,391,5,1,1,1,5,4,5,5,1,1,3,4,3,5,0,0.0
0,0,40,0,0,537,2,2,2,2,1,2,4,4,4,4,4,2,4,1,0,0.0
0,0,24,0,0,3536,5,5,5,5,4,4,4,4,3,5,5,3,5,4,0,0.0
1,0,48,0,0,1739,3,3,3,3,4,4,1,4,4,4,4,4,4,5,5,5.0
1,0,41,0,0,1052,2,2,2,2,4,4,4,4,4,4,4,3,4,4,6,0.0
1,0,27,0,0,2378,3,3,3,3,4,4,4,4,1,5,5,4,1,4,0,0.0
1,1,35,0,2,1947,2,2,2,3,5,2,2,5,4,5,4,3,3,5,8,13.0
1,0,52,1,1,1517,4,5,4,4,3,4,3,3,4,2,5,5,4,3,0,0.0
0,0,58,1,0,371,3,5,5,1,2,3,5,1,1,5,1,3,1,3,0,0.0
1,0,57,0,1,308,3,1,1,1,3,3,3,3,1,4,3,2,4,3,0,0.0
0,1,32,0,0,895,1,1,1,3,2,1,2,2,5,2,5,3,4,2,10,2.0
0,0,49,0,1,302,5,4,4,4,1,5,4,5,5,5,5,1,5,4,30,19.0
0,0,52,1,1,719,1,5,2,2,3,5,5,3,3,2,3,3,3,3,0,17.0
0,0,33,0,1,257,0,0,0,4,3,0,3,3,3,1,3,2,3,3,0,0.0
0,0,37,0,0,145,3,5,5,5,4,3,4,3,3,3,3,4,3,1,0,0.0
1,0,47,0,0,3496,2,2,2,2,2,4,5,5,5,5,5,4,5,4,0,2.0
0,1,21,0,2,903,4,3,4,4,1,4,1,1,4,5,3,1,4,1,35,28.0
0,0,54,1,1,541,5,4,5,4,3,2,2,1,1,5,1,5,1,2,0,0.0
0,0,43,0,0,373,2,5,2,2,2,5,4,5,5,5,5,5,5,3,0,0.0
1,0,11,1,1,335,1,5,1,3,3,1,3,3,4,2,4,5,5,3,0,0.0
1,1,43,0,0,2454,2,2,2,1,1,2,1,1,3,5,5,4,5,1,19,0.0
1,0,53,0,1,977,2,4,2,4,2,2,2,2,3,2,3,2,3,2,20,17.0
0,1,21,0,1,468,5,0,5,4,1,5,4,1,4,2,4,3,5,1,30,19.0
1,0,66,0,0,2243,0,0,0,4,2,5,5,4,4,4,4,3,4,4,0,0.0
1,0,60,0,0,2371,4,4,4,4,2,4,5,4,4,4,4,3,4,3,66,61.0
0,0,42,0,0,1922,4,4,4,4,4,4,4,4,4,4,4,5,4,3,0,2.0
0,0,44,1,1,1076,3,5,3,3,5,4,4,2,2,3,2,4,2,5,28,31.0
1,0,41,0,0,3161,3,4,4,4,4,3,3,3,3,3,3,2,3,3,0,0.0
1,0,50,1,1,1121,4,5,4,3,4,4,4,4,5,4,4,3,4,4,0,5.0
1,0,29,0,0,909,1,1,1,1,4,4,4,4,3,2,4,3,4,4,1,0.0
0,0,42,1,1,694,2,5,2,2,4,4,4,1,1,2,1,4,1,5,27,0.0
1,0,36,0,0,3635,5,5,5,5,4,2,4,4,4,4,4,1,4,1,26,32.0
0,1,43,0,1,779,2,2,2,3,2,2,2,2,3,4,4,4,4,2,0,0.0
0,0,12,1,1,944,2,2,2,4,1,2,1,1,1,4,4,1,4,1,20,15.0
0,0,33,0,2,2611,3,2,2,2,3,3,3,3,1,4,3,3,4,3,0,0.0
0,0,32,0,0,3066,4,4,4,4,5,5,5,5,5,4,5,3,4,5,0,0.0
1,0,20,0,0,3372,3,3,3,3,5,5,5,5,4,4,3,1,1,5,5,0.0
1,0,50,1,2,1448,2,3,2,5,4,2,4,4,4,3,4,3,1,4,20,4.0
1,0,46,0,0,762,4,4,4,4,3,4,4,4,4,4,4,3,4,3,0,0.0
1,1,25,0,0,235,3,2,3,3,1,3,1,1,1,5,3,1,4,1,1,6.0
1,0,32,0,0,1750,1,5,4,5,1,1,1,1,1,1,2,4,3,1,0,0.0
1,0,32,1,2,1069,1,5,1,1,2,1,5,2,3,2,4,3,4,2,49,31.0
1,0,65,1,1,67,3,5,3,3,5,3,5,5,4,3,5,4,5,5,1,0.0
0,0,23,1,1,1749,2,1,2,4,1,2,1,1,3,4,3,1,4,1,8,0.0
1,1,26,0,0,589,3,3,3,1,4,3,4,4,4,2,5,4,5,4,0,0.0
0,0,23,0,0,1842,0,0,0,2,3,3,3,3,5,3,4,4,4,3,8,0.0
0,1,59,0,0,134,1,1,1,1,2,1,2,2,3,2,5,4,4,2,11,12.0
1,0,15,0,0,1235,5,5,1,5,4,4,4,4,5,3,4,4,5,4,0,16.0
1,0,35,0,0,867,4,4,4,4,3,5,5,5,5,5,5,5,5,5,0,0.0
1,1,64,0,0,282,3,3,3,3,4,3,3,4,3,2,3,2,4,4,0,0.0
0,1,64,0,0,312,4,4,4,4,4,4,4,4,4,3,4,3,5,4,0,0.0
0,0,60,1,1,447,4,4,4,5,4,4,5,5,5,4,5,5,5,4,0,0.0
1,0,44,0,0,833,2,2,2,2,3,5,4,4,4,4,4,3,4,4,15,1.0
0,0,53,0,0,1605,3,3,3,3,3,3,5,4,4,4,4,3,4,5,0,21.0
0,0,70,1,2,764,3,5,3,4,2,5,5,1,1,3,1,3,1,3,26,22.0
0,0,59,0,0,1661,1,1,1,1,2,4,4,4,4,4,4,5,4,5,2,4.0
0,0,38,0,0,1337,3,4,4,4,1,4,4,3,3,4,3,1,3,3,44,35.0
0,0,59,0,0,258,5,5,2,5,3,5,5,5,5,5,5,3,5,5,10,12.0
0,0,48,0,0,163,2,2,2,2,5,4,5,4,4,4,4,3,4,5,0,0.0
1,0,53,0,0,1502,3,3,3,3,5,4,4,3,3,3,3,4,3,1,0,0.0
0,0,44,0,0,1416,1,1,1,1,5,1,3,4,4,4,4,5,4,3,0,0.0
0,0,27,1,2,776,2,1,2,2,4,2,4,4,4,3,2,1,2,4,6,10.0
0,0,24,1,1,455,3,2,3,3,5,3,4,5,1,3,4,1,3,5,0,0.0
0,1,40,0,0,156,3,2,2,2,4,2,5,4,4,2,3,4,1,4,0,0.0
1,0,14,1,1,1050,4,4,4,1,3,4,3,3,4,3,1,3,1,3,11,0.0
1,0,24,1,1,1448,5,2,5,3,3,5,3,3,3,4,4,1,3,3,0,4.0
1,1,37,0,0,468,4,4,4,4,4,4,4,4,4,4,4,4,5,4,0,0.0
1,0,69,1,1,783,3,5,3,4,2,3,2,2,5,3,5,5,4,2,112,111.0
1,0,54,1,1,697,3,5,3,2,2,3,2,2,3,2,2,5,2,2,0,0.0
0,0,49,1,1,558,3,2,3,3,2,4,4,4,4,3,4,2,4,4,0,0.0
0,0,25,0,0,854,2,2,2,2,5,4,5,5,2,5,2,1,3,5,9,0.0
1,1,22,0,1,802,0,0,0,3,2,0,2,2,2,4,4,4,5,2,4,46.0
1,0,25,0,0,2701,2,2,2,2,3,3,3,3,5,5,4,2,5,3,0,0.0
0,0,28,1,1,1416,1,5,1,1,3,1,3,3,4,2,3,5,4,3,1,0.0
1,0,53,0,0,1741,1,1,1,1,4,5,5,4,4,4,4,3,4,3,0,0.0
1,0,43,0,0,2835,4,3,4,4,5,5,5,4,4,4,4,3,4,4,0,0.0
1,0,10,0,0,1024,2,2,2,2,4,4,4,4,1,2,4,1,3,4,0,0.0
0,0,47,1,2,1670,4,4,5,2,3,2,4,2,2,5,2,2,2,5,0,0.0
0,0,30,1,1,522,3,5,3,4,4,3,4,4,5,2,5,3,5,4,0,3.0
1,0,57,0,0,3743,2,2,2,2,3,5,4,5,5,5,5,5,5,4,2,0.0
0,0,37,0,2,383,4,2,2,2,4,4,4,4,4,2,5,5,1,4,0,0.0
0,0,69,1,1,427,2,4,2,4,5,3,4,1,1,2,1,2,1,1,0,0.0
1,0,40,0,0,3858,1,1,1,1,4,1,5,3,3,3,3,4,3,3,0,0.0
0,0,47,0,2,728,3,1,1,1,2,3,3,3,3,3,3,4,3,2,0,17.0
1,0,39,0,0,733,2,5,5,5,2,4,3,2,2,2,2,2,2,3,11,15.609914872308464
1,0,32,0,0,3712,2,2,2,2,5,5,5,5,3,4,4,4,5,5,0,0.0
1,0,9,1,1,1050,4,2,3,3,5,3,5,5,4,4,3,1,3,5,1,0.0
0,0,30,1,1,402,1,5,1,3,4,1,4,4,3,4,4,4,4,4,0,0.0
0,0,38,0,0,308,3,3,4,3,3,4,5,4,4,4,4,3,4,2,0,0.0
1,0,43,0,0,3048,5,5,5,5,4,5,5,2,2,2,2,3,2,3,0,0.0
0,0,56,1,2,1931,2,4,1,2,4,4,4,4,4,1,5,3,4,5,0,0.0
1,0,46,0,1,764,5,4,4,4,5,5,5,5,4,1,4,4,2,5,39,58.0
0,0,43,1,1,109,4,3,4,3,2,4,3,3,3,4,5,4,3,2,0,0.0
1,0,69,1,0,337,3,2,3,3,5,2,3,1,1,3,1,2,1,3,14,0.0
0,1,22,0,1,1136,3,3,3,2,4,3,4,4,4,4,4,3,5,4,100,104.0
1,0,46,0,0,1635,3,3,3,3,5,3,4,2,2,2,2,3,2,5,26,27.0
0,0,60,0,1,123,5,1,1,1,5,2,2,5,5,5,5,1,5,4,0,0.0
1,0,52,0,0,3496,5,5,5,5,3,4,5,5,5,5,5,4,5,3,0,0.0
0,0,30,1,1,175,4,4,4,4,3,4,3,3,1,1,3,1,2,3,0,0.0
1,0,52,0,0,3448,1,1,1,1,5,5,5,5,5,5,5,5,5,5,2,0.0
0,0,41,0,0,642,1,1,1,1,2,5,4,4,4,4,4,5,4,3,0,12.0
0,0,53,1,1,448,2,4,2,2,5,4,5,1,1,2,1,4,1,3,0,0.0
0,0,38,0,0,261,2,2,5,2,4,5,3,4,4,4,4,3,4,3,0,0.0
0,0,47,0,0,414,1,1,1,1,5,5,4,4,4,4,4,5,4,4,3,2.0
1,1,37,0,0,148,4,4,4,2,4,4,3,4,3,4,5,4,5,4,1,0.0
0,0,49,0,1,160,4,1,1,1,4,4,2,3,3,4,3,2,3,2,0,0.0
1,1,29,0,0,1070,5,5,5,5,3,0,3,3,4,3,4,5,5,3,2,0.0
1,0,49,0,0,74,1,1,1,1,2,4,4,5,5,5,5,3,5,5,0,0.0
1,0,60,0,0,526,1,1,1,1,1,5,1,4,4,4,4,4,4,1,0,0.0
1,0,59,0,0,3261,4,4,4,4,3,5,5,4,4,4,4,4,4,5,7,6.0
1,0,62,0,1,696,3,3,5,3,2,3,2,2,2,5,2,3,2,2,24,1.0
0,0,53,1,1,338,1,5,4,3,2,5,5,4,4,4,3,3,4,4,0,0.0
0,0,32,0,1,1042,4,1,1,1,4,4,4,4,4,3,1,5,2,4,35,34.0
1,0,22,0,1,323,4,1,1,1,4,4,5,4,2,3,1,4,4,4,28,45.0
0,0,41,0,0,2077,2,2,2,2,5,3,5,5,5,5,5,3,5,3,0,0.0
0,1,26,0,1,459,4,4,5,4,5,2,4,2,3,2,4,4,4,4,412,459.0
0,1,36,0,1,140,1,0,1,2,2,1,2,2,5,4,3,2,4,2,2,9.0
0,0,37,1,1,761,2,5,2,3,3,2,4,3,4,5,4,4,5,3,2,0.0
0,0,40,0,0,444,2,2,2,2,4,4,4,5,5,4,5,5,5,5,0,0.0
0,0,53,0,0,1400,4,4,4,4,4,4,4,4,4,4,4,3,4,5,12,22.0
1,1,25,0,0,646,5,0,5,3,1,5,1,1,3,2,4,4,5,1,0,0.0
1,0,58,1,1,589,4,1,4,4,4,4,4,4,1,3,4,2,4,4,29,17.0
0,0,49,0,2,679,4,5,5,5,2,1,1,4,4,4,4,4,4,4,0,0.0
1,0,46,1,2,289,3,4,3,3,3,3,3,3,5,4,4,4,4,3,0,0.0
1,0,45,1,1,666,2,5,2,4,4,2,4,4,4,5,5,4,5,4,0,0.0
1,0,60,1,1,491,1,3,1,3,5,1,5,5,3,2,2,5,1,5,22,49.0
0,0,43,0,0,3967,3,4,4,4,1,4,3,3,3,3,3,4,3,4,0,2.0
1,0,47,0,2,449,1,1,1,1,1,1,1,1,1,2,3,4,3,1,0,0.0
0,0,42,1,1,798,1,1,1,3,5,2,2,3,3,1,3,3,3,3,1,4.0
1,0,37,1,2,223,3,5,0,2,4,0,4,4,3,5,5,3,5,4,0,0.0
1,0,36,0,0,1448,3,3,3,3,3,2,1,4,4,4,4,2,4,1,0,0.0
1,0,65,1,1,835,4,3,4,4,5,4,5,5,1,1,3,2,3,5,0,0.0
1,0,41,0,1,317,4,5,5,5,5,4,5,5,2,4,3,1,1,5,0,0.0
0,0,61,1,1,628,2,4,2,4,2,4,3,1,1,2,1,4,1,1,20,6.0
0,0,28,0,0,1620,3,3,3,3,5,5,5,5,5,4,5,4,5,5,0,0.0
1,0,48,1,1,2475,3,3,3,4,3,1,1,2,2,5,3,1,4,1,5,13.0
0,1,11,0,1,529,4,3,4,4,4,4,4,4,4,5,4,4,4,4,15,15.0
0,1,21,0,1,569,2,1,3,3,2,3,2,2,1,1,3,3,4,2,0,0.0
1,1,21,0,1,534,3,5,3,3,3,3,3,3,3,2,4,3,4,3,26,34.0
0,0,48,1,1,643,2,4,2,2,3,4,4,5,5,2,5,4,5,3,7,8.0
0,1,13,0,1,986,2,1,1,3,1,1,1,1,3,3,4,3,4,1,2,26.0
1,0,50,0,0,3610,4,4,4,4,5,5,5,5,5,5,5,4,5,4,0,0.0
0,0,15,1,2,297,1,5,1,3,5,1,5,5,5,1,1,3,4,5,67,62.0
1,1,33,0,0,731,2,1,1,4,3,1,2,3,4,4,4,5,4,3,0,0.0
0,0,16,1,0,1476,3,5,3,4,4,3,4,4,5,5,5,4,4,4,0,0.0
1,0,59,0,0,1971,0,4,0,2,3,5,5,2,2,2,2,3,2,4,0,0.0
0,0,35,0,0,602,4,4,4,4,3,5,5,2,2,2,2,5,2,4,0,0.0
1,0,7,1,0,1034,2,4,2,2,2,4,4,5,5,2,3,4,2,4,143,121.0
1,0,39,0,0,3467,4,4,4,4,4,4,4,4,4,4,4,3,4,5,0,0.0
0,0,34,0,0,3169,2,3,3,3,3,3,3,2,2,2,2,4,2,4,1,0.0
1,0,41,0,0,602,2,4,4,4,2,3,3,2,2,2,2,1,2,3,0,0.0
0,0,57,0,0,2446,2,3,3,3,2,2,2,1,4,3,4,2,2,2,54,49.0
0,0,45,0,0,3732,5,5,5,5,5,5,5,5,5,5,5,3,5,4,17,0.0
0,0,44,1,1,326,2,0,2,2,2,3,5,1,1,2,1,2,1,5,0,0.0
1,0,55,0,0,2153,2,1,1,1,4,2,3,2,2,2,2,2,2,3,44,43.0
1,0,39,0,0,1734,4,4,4,4,3,5,5,4,4,4,4,4,4,3,0,0.0
0,0,57,0,1,837,2,1,1,1,2,3,4,2,2,2,2,4,2,3,7,1.0
1,0,45,0,0,1521,1,1,3,1,3,5,4,5,5,5,5,4,5,4,0,0.0
0,1,42,0,1,304,4,2,4,3,2,4,4,2,2,1,4,4,3,2,0,0.0
1,0,51,0,1,2172,5,3,3,3,5,5,5,5,5,4,3,5,4,5,0,0.0
0,0,16,1,1,1437,1,5,0,4,5,0,5,5,3,3,4,4,4,5,0,0.0
0,0,69,1,1,1072,1,5,1,5,4,4,4,1,1,1,1,4,1,4,18,7.0
1,0,59,0,0,459,4,2,2,2,4,3,4,4,4,4,4,1,4,3,0,5.0
1,0,40,1,0,1020,1,5,2,4,4,4,5,2,2,2,2,5,2,3,0,0.0
1,0,44,1,1,192,2,4,2,5,4,2,4,4,3,1,4,1,2,4,0,0.0
0,1,35,0,0,200,2,1,1,3,2,1,2,2,5,3,5,4,4,2,0,8.0
1,0,29,0,0,1598,5,5,5,5,4,4,4,4,4,2,5,3,4,4,0,0.0
0,0,59,0,0,3553,2,2,2,2,5,2,2,3,3,4,3,5,3,2,18,29.0
1,0,58,1,2,369,1,2,2,3,3,2,3,3,2,2,3,2,2,3,8,0.0
0,0,59,1,1,569,2,5,2,2,4,1,5,2,2,2,2,1,2,1,31,19.0
1,0,56,1,1,2615,2,4,2,4,2,3,5,3,3,4,5,5,4,5,0,1.0
0,0,56,0,0,2221,3,3,3,3,3,5,4,4,4,4,4,5,4,4,0,7.0
1,0,59,1,1,304,3,4,3,1,2,3,2,2,3,2,5,3,4,2,0,0.0
1,0,12,1,1,2342,3,1,3,4,4,3,3,4,2,3,4,3,3,4,31,22.0
0,0,50,1,1,2521,2,1,2,4,2,4,5,1,1,3,3,5,2,5,10,10.0
0,0,59,0,0,2227,5,5,5,5,2,4,4,4,4,4,4,3,4,4,30,15.0
0,0,60,0,1,2253,4,5,3,5,5,1,3,4,4,4,4,2,4,2,0,0.0
0,0,26,1,1,453,3,2,3,2,2,3,2,2,4,3,2,2,1,2,43,35.0
1,0,40,0,0,991,4,2,2,2,4,2,2,4,4,3,4,1,4,2,22,27.0
0,0,52,0,1,266,2,3,3,3,4,3,3,2,2,2,2,4,2,3,0,2.0
1,0,34,0,0,3144,4,4,4,4,3,5,4,5,5,5,5,5,5,1,3,0.0
1,0,46,0,0,3995,4,4,4,4,3,4,4,5,5,5,5,5,5,4,0,0.0
0,0,40,0,1,773,3,4,4,4,3,3,3,3,2,5,4,4,4,3,15,26.0
0,1,24,0,1,303,0,4,0,2,3,0,3,3,2,2,2,4,4,3,0,0.0
1,0,41,1,1,214,1,4,1,2,2,1,1,2,4,3,5,4,5,2,16,34.0
0,1,17,0,1,876,2,2,2,4,2,2,2,2,3,1,3,4,4,2,2,0.0
0,0,51,1,1,261,3,1,3,4,3,3,4,2,5,4,4,4,1,4,228,217.0
0,1,27,0,1,589,2,0,2,2,3,2,3,3,4,2,2,3,5,3,0,0.0
0,0,72,0,0,1870,2,1,1,1,3,4,4,2,2,2,2,1,2,4,0,0.0
1,0,41,1,1,481,3,4,3,4,2,3,2,2,3,5,3,1,3,2,0,0.0
0,0,46,0,1,650,1,5,5,5,2,4,3,2,2,1,2,3,2,1,0,0.0
0,0,57,1,1,936,4,1,4,3,4,4,3,3,3,4,3,2,3,1,0,0.0
0,0,36,0,0,3130,2,2,2,2,5,5,5,5,5,5,5,5,5,3,62,65.0
0,1,27,0,0,500,4,5,5,4,3,5,3,3,3,2,5,5,4,3,0,0.0
0,0,30,0,0,630,2,2,2,2,2,2,2,2,5,4,5,5,5,2,0,13.0
1,0,45,0,0,2788,0,0,0,1,2,5,4,2,2,2,2,3,2,5,39,33.0
1,0,44,0,2,96,4,1,1,1,4,4,4,4,4,3,3,3,4,4,0,1.0
1,0,13,1,1,401,5,5,5,1,5,5,5,5,5,2,5,5,4,5,0,0.0
1,0,24,0,0,3482,5,5,5,5,4,4,4,4,3,2,5,4,4,4,0,0.0
0,1,27,0,1,356,2,0,2,1,2,2,2,2,2,4,2,4,2,2,0,0.0
0,0,56,1,1,409,3,5,5,5,4,5,4,4,4,5,4,5,4,5,36,38.0
0,0,39,0,1,358,1,4,4,4,1,1,1,1,2,1,4,1,3,1,23,21.0
0,0,62,0,1,128,4,3,3,3,2,5,1,5,5,4,5,3,5,1,0,16.0
1,0,28,0,0,1091,2,2,2,2,4,4,4,4,5,2,2,2,5,4,0,0.0
0,0,43,0,0,3854,5,5,5,5,5,4,4,5,5,5,5,5,5,3,0,0.0
0,0,42,0,0,707,2,2,4,2,2,5,4,3,3,4,3,4,3,3,27,11.0
0,0,70,1,0,1587,3,4,3,3,2,4,4,5,5,3,2,5,5,5,52,31.0
0,0,32,1,0,1237,3,5,3,1,4,3,5,4,4,3,3,4,4,4,8,1.0
1,0,7,1,1,405,3,5,3,2,4,3,4,4,3,5,4,3,5,4,3,0.0
0,1,39,0,0,421,1,1,1,1,4,1,4,4,1,4,4,4,5,4,0,0.0
0,0,58,0,2,95,2,2,2,2,2,1,4,2,2,2,2,5,2,5,0,0.0
1,0,37,0,0,2601,3,4,4,4,1,4,3,3,3,3,3,3,3,1,0,2.0
1,0,23,0,2,268,1,5,5,5,1,1,1,1,1,1,3,3,4,1,0,0.0
0,0,35,0,0,134,2,1,1,1,3,2,3,3,1,2,2,3,2,3,161,171.0
0,0,42,0,0,2274,2,2,2,2,3,2,2,5,5,5,5,3,5,3,0,0.0
0,0,47,1,1,173,1,4,1,2,5,4,5,4,4,1,2,5,4,5,0,0.0
1,0,29,0,0,588,3,3,3,3,5,5,5,5,5,5,4,3,4,5,0,0.0
0,0,52,0,0,1927,1,1,1,1,3,3,4,4,4,4,4,3,4,4,3,0.0
1,0,68,1,1,404,1,5,1,3,1,1,4,1,4,2,5,5,4,1,0,0.0
1,0,34,0,0,1039,1,1,1,1,2,3,5,5,5,5,5,2,5,1,30,33.0
0,1,38,0,1,237,2,1,2,3,2,3,2,4,3,2,3,2,4,2,196,214.0
0,0,46,0,0,306,4,3,3,3,5,3,3,4,4,4,4,2,4,4,0,0.0
1,0,23,0,1,631,2,2,2,2,2,1,1,2,3,5,4,3,4,2,0,8.0
1,1,37,0,0,1182,3,3,3,4,1,3,1,1,4,1,3,1,4,1,9,0.0
0,0,50,0,0,2731,4,4,4,4,3,4,5,5,5,5,5,3,5,4,0,0.0
0,0,55,1,1,1236,1,4,1,3,3,3,4,5,5,1,5,5,5,5,0,9.0
1,0,34,1,1,349,2,3,2,4,2,2,2,2,3,5,3,4,3,2,8,12.0
0,0,58,0,0,2255,3,3,3,3,4,4,5,5,5,5,5,5,5,5,2,9.0
0,0,58,0,0,1905,2,3,3,3,5,4,4,2,2,2,2,3,2,2,7,0.0
1,0,50,1,1,409,3,4,3,1,1,3,1,1,4,5,4,4,4,1,48,32.0
0,1,41,0,0,304,5,5,5,3,2,5,2,2,3,4,4,4,4,2,31,19.0
0,1,26,0,0,337,2,0,2,4,4,2,4,4,5,2,4,5,5,4,0,0.0
1,0,43,0,0,488,4,4,4,4,5,1,1,4,4,4,4,3,4,4,0,0.0
1,0,51,0,0,3304,2,2,2,2,5,5,5,5,5,5,5,4,5,5,0,0.0
0,0,35,0,0,449,4,4,4,4,3,4,5,5,5,5,5,5,5,5,0,0.0
1,0,39,0,0,2040,3,3,3,3,3,4,5,5,5,5,5,5,5,3,0,0.0
1,0,23,0,0,3095,5,5,5,5,5,5,3,5,2,5,4,3,3,5,9,0.0
1,0,33,1,1,946,4,2,4,3,4,4,4,4,4,5,2,2,2,4,0,0.0
1,0,30,0,0,1500,3,3,3,3,5,4,5,5,4,3,4,3,5,5,0,0.0
1,0,40,0,2,67,4,4,5,5,4,4,4,4,2,1,1,4,4,4,0,4.0
0,0,48,0,0,402,1,1,1,1,4,5,5,4,4,4,4,5,4,3,0,4.0
0,0,57,0,0,2183,2,2,4,2,2,4,5,4,4,4,5,3,4,5,16,11.0
1,1,26,0,1,888,2,2,2,3,5,2,5,5,4,3,3,2,4,5,51,30.0
0,0,8,1,2,794,2,4,2,4,5,2,5,5,4,2,4,4,5,5,11,7.0
1,0,9,0,1,1174,2,4,2,4,2,2,1,2,1,5,3,4,3,2,0,4.0
1,0,34,1,1,2457,2,4,2,4,2,1,2,4,2,4,4,2,5,2,0,0.0
0,0,47,0,0,2586,3,3,3,3,5,4,4,5,5,5,5,3,5,4,0,0.0
1,0,28,1,1,2419,1,5,1,1,1,3,2,3,5,3,4,2,5,2,0,0.0
0,0,31,0,0,2908,2,2,2,2,4,4,4,4,4,3,5,4,5,4,0,0.0
0,0,31,1,2,109,2,2,2,3,4,2,3,4,4,3,3,4,3,4,25,17.0
0,0,47,0,0,3391,1,1,1,1,4,4,4,5,5,5,5,2,5,1,0,14.0
1,0,51,0,0,3466,2,2,2,2,3,4,4,4,4,4,4,3,4,5,30,31.0
1,0,57,0,0,283,3,3,3,3,5,4,5,3,3,4,3,4,3,3,9,1.0
1,0,13,1,0,554,4,4,4,1,1,4,2,1,5,4,4,4,4,1,0,12.0
1,0,29,1,1,992,2,4,2,3,5,2,5,5,4,3,5,4,4,5,0,10.0
1,0,46,0,0,2790,2,1,1,1,4,3,3,2,2,2,2,4,2,2,4,0.0
1,1,23,0,0,1041,4,4,4,1,2,4,2,2,4,5,5,4,5,2,15,1.0
1,1,29,0,0,224,3,3,3,4,3,3,3,3,5,3,5,2,2,3,0,3.0
1,0,59,1,1,516,4,5,3,4,1,3,1,1,5,3,4,5,4,1,3,0.0
1,0,18,0,1,678,3,1,1,1,3,3,4,3,1,4,4,4,4,3,0,0.0
1,0,49,0,0,2538,4,4,4,4,2,1,3,3,3,5,3,2,3,5,0,4.0
0,0,56,0,0,1707,4,4,4,4,3,4,5,4,4,5,4,3,4,4,7,15.0
1,0,57,0,1,448,4,3,3,3,4,4,4,4,4,1,3,3,2,4,0,0.0
0,0,61,0,0,3749,5,5,5,5,2,4,5,4,4,4,4,3,4,5,5,18.0
0,0,57,0,1,649,4,4,4,4,4,1,3,4,4,4,4,5,4,3,27,17.0
1,0,14,1,1,1127,4,4,4,2,5,4,3,5,5,2,5,4,5,5,0,3.0
0,0,47,0,0,3546,2,2,2,2,4,2,2,2,2,2,2,2,2,2,19,21.0
0,1,30,0,1,1069,2,2,2,4,5,2,5,5,2,4,3,1,3,5,28,23.0
1,0,14,1,1,377,3,5,3,2,1,3,1,1,4,5,4,5,4,1,0,0.0
0,0,51,0,0,2818,5,5,5,5,2,5,5,4,4,4,4,3,4,5,6,0.0
1,0,72,0,1,305,4,3,3,3,4,4,4,4,2,3,3,1,3,4,0,0.0
0,0,17,1,1,208,3,1,3,3,5,3,5,5,2,5,3,3,4,5,0,0.0
0,0,39,0,0,1543,3,3,3,3,4,5,4,4,4,4,4,4,4,4,0,0.0
1,0,37,0,0,1558,4,1,1,1,1,3,4,4,4,3,4,1,4,3,0,8.0
0,0,46,1,1,2173,4,4,4,3,2,4,4,2,2,4,2,4,2,5,12,0.0
1,0,30,0,0,3131,1,1,1,1,5,4,5,5,5,5,4,5,5,5,7,0.0
0,0,52,1,1,316,3,5,3,2,4,3,1,4,4,3,4,5,4,2,112,101.0
0,0,39,0,0,1123,5,5,5,5,5,4,5,5,5,5,5,4,5,5,0,0.0
1,0,25,0,0,496,4,4,4,4,4,4,4,4,3,2,5,4,5,4,0,0.0
0,0,58,0,2,229,4,5,5,5,4,4,1,4,4,4,4,1,4,4,63,75.0
0,0,40,0,0,1798,4,4,1,4,5,4,4,5,5,5,4,5,5,5,6,0.0
1,0,42,1,1,160,4,3,4,3,2,4,2,2,4,1,3,3,3,2,0,0.0
0,1,36,0,0,327,2,2,2,3,5,2,5,5,5,4,5,3,4,5,0,0.0
1,0,56,0,0,1835,2,3,3,3,2,3,2,2,2,2,2,2,2,1,0,33.0
1,1,8,0,1,1023,1,1,1,3,1,1,1,1,1,1,3,1,3,1,0,0.0
0,0,45,0,0,2270,2,2,2,2,2,4,5,5,5,5,5,5,5,3,1,3.0
1,1,26,0,0,351,4,4,4,3,2,4,2,2,4,5,4,4,5,2,4,11.0
1,0,50,0,0,3467,1,1,1,1,2,4,5,4,4,4,5,5,4,4,2,0.0
0,0,36,1,1,226,2,5,2,4,2,2,2,2,3,3,4,4,4,2,0,0.0
0,1,18,0,1,1351,5,5,5,5,4,5,4,4,3,4,5,3,5,4,0,0.0
0,0,37,1,1,187,2,4,2,5,4,2,4,4,4,3,4,3,4,4,2,0.0
1,0,44,1,1,689,3,5,3,4,5,3,2,5,4,4,5,3,5,5,0,0.0
0,1,39,0,0,925,1,1,1,2,2,1,2,2,1,2,2,4,3,2,0,6.0
1,0,34,1,1,948,2,4,2,2,4,2,4,4,4,3,4,3,5,4,0,0.0
1,0,58,0,0,1885,2,2,2,2,4,5,5,4,4,4,4,5,4,3,0,0.0
0,0,49,0,0,1600,2,5,5,5,4,4,4,0,0,1,2,2,0,3,0,0.0
1,0,28,0,1,337,4,1,1,1,4,4,4,4,1,3,2,3,2,4,3,0.0
1,0,34,0,0,2322,3,3,3,3,1,4,4,5,5,5,5,2,5,3,0,0.0
1,1,39,0,0,689,1,1,1,3,1,1,1,1,3,2,5,4,4,1,4,3.0
1,0,34,0,0,2475,2,3,2,2,4,4,4,1,1,4,1,4,3,4,0,0.0
0,1,20,0,1,473,4,2,4,3,3,4,3,3,2,2,3,4,4,3,0,0.0
1,1,26,0,0,594,0,0,0,5,2,0,1,2,5,3,4,4,5,2,0,0.0
1,0,47,0,0,2432,2,2,2,2,2,4,3,2,2,2,2,3,2,4,0,0.0
0,0,37,0,1,320,5,5,5,5,5,5,5,5,1,2,4,1,3,5,0,0.0
0,0,49,0,0,2063,2,2,5,2,5,5,5,3,3,3,3,5,3,3,0,0.0
0,0,47,1,1,1956,2,4,2,1,4,5,4,3,3,2,3,3,3,3,0,0.0
